"","age","gender","study_hours_per_day","social_media_hours","netflix_hours","part_time_job","attendance_percentage","sleep_hours","diet_quality","exercise_frequency","parental_education_level","internet_quality","mental_health_rating","extracurricular_participation","exam_score"
"1",23,"Female",0.290529864596838,1.26594272594948,1.98027750222993,"No",85,8.76435208522048,"Fair",6,"Master","Average",8,"Yes",78.6003694449379
"2",20,"Female",5.66841620176126,2.44728650542419,2.39593395397706,"No",97.3,5.75886815077923,"Good",6,"High School","Average",8,"No",100
"3",21,"Male",1.52308706295659,2.98462392223745,1.86824990338501,"No",94.8,8.41210865589386,"Poor",1,"High School","Poor",1,"No",60.2637747044199
"4",23,"Female",1.2939047431862,3.35566332786986,2.04955074871245,"No",71,8.7814976317806,"Poor",4,"Master","Good",1,"Yes",51.1007593334803
"5",19,"Female",4.07146803490226,3.60135857607952,1.34295523632889,"No",90.9,6.34282976897412,"Fair",3,"Master","Good",1,"No",84.793888849376
"6",24,"Male",5.62570025140671,1.64502700998757,0.589529132982684,"No",82.9,8.15535822958314,"Fair",1,"Master","Average",4,"No",100
"7",21,"Female",4.45901349345117,1.62364582991501,1.96727914238687,"Yes",85.8,7.35886392603508,"Good",2,"Master","Poor",4,"No",96.0047374201641
"8",21,"Female",3.48897151103783,1.18481595947036,2.21885727262411,"Yes",77.7,6.5433517047221,"Fair",0,"Bachelor","Average",8,"No",88.1089222053003
"9",23,"Female",3.68702921655135,1.93963324604287,1.89801109587635,"No",100,8.13339607210447,"Good",3,"Bachelor","Good",1,"No",91.1992260804981
"10",18,"Female",3.64893440220151,2.75793240926558,1.91140513080807,"No",95.4,8.08667457159975,"Good",5,"Bachelor","Good",10,"Yes",100
"11",19,"Female",3.96152996906655,2.87015160308768,1.33371142383965,"No",77.6,7.07906198177593,"Fair",1,"None","Good",3,"No",83.0183622330257
"12",23,"Male",4.06891550453688,1.73055636494847,2.05362651853498,"No",71.7,8.54467461888792,"Fair",2,"Bachelor","Average",1,"No",89.0184157608063
"13",19,"Female",3.39348771345166,1.93677131235631,0.917178236238655,"Yes",81.1,6.16134564878482,"Fair",1,"Bachelor","Good",9,"No",90.2457514366744
"14",19,"Female",2.67025459383556,2.47037265338839,2.92250463991972,"No",89.3,6.28920471334051,"Fair",4,"Bachelor","Good",10,"No",89.71071432227
"15",24,"Male",2.49507964748019,1.85513584829967,1.69415055646744,"No",87.4,6.93503652191105,"Poor",6,"Bachelor","Average",9,"No",91.1992260804981
"16",21,"Male",2.74156325965962,3.82503982179238,1.42823070980392,"No",97.5,7.62961350525589,"Good",6,"High School","Average",7,"No",88.8182222984488
"17",20,"Male",1.08331792342087,0.82855942345358,1.01418176728625,"No",92.9,7.30516845053491,"Poor",3,"High School","Poor",8,"Yes",77.9336406324759
"18",24,"Female",2.59402759620451,2.37661618622781,1.78933588997734,"No",94.7,8.41678749212737,"Poor",0,"High School","Average",1,"Yes",87.1765938063189
"19",24,"Other",2.42523322635424,3.57845649141352,2.42046984318891,"Yes",88.3,8.36514993546107,"Good",2,"High School","Good",5,"No",69.4277370104936
"20",19,"Male",1.65045457227659,3.08275450945612,3.09778660346035,"No",71.1,7.44122487011224,"Fair",1,"High School","Average",2,"No",70.5935304162045
"21",22,"Female",3.1809803340503,1.97157831015393,2.72881112297263,"No",83,7.65629372897892,"Good",3,"Master","Good",1,"No",80.0898861771143
"22",21,"Male",3.7846506093733,1.89801910258923,2.89059119376875,"No",95.6,8.5492130863158,"Fair",1,"High School","Good",3,"No",92.8561163820827
"23",18,"Other",2.78947864881539,3.14994152227264,1.95246931820356,"No",84.5,7.61192772846499,"Fair",3,"High School","Average",7,"No",99.5140691960677
"24",24,"Female",1.37554308328817,3.7318136132575,1.87191700839221,"Yes",90,9.18681356056829,"Fair",6,"Bachelor","Good",1,"No",69.2581668650257
"25",20,"Female",2.14565867295875,0.819848551045226,1.27325335523478,"Yes",81.8,7.05501348429746,"Fair",4,"Bachelor","Average",2,"No",77.7312652142828
"26",22,"Male",4.49787368806322,2.87365869562162,2.80082996311049,"No",74.7,9.08457418358136,"Fair",1,"High School","Average",2,"Yes",86.7015024992942
"27",22,"Male",2.07794671031665,0.837513187096861,0.87514699751393,"No",83.8,7.9499907942813,"Good",4,"Bachelor","Poor",4,"No",88.5664532165787
"28",18,"Male",3.14539049889214,1.87548328723833,3.00242947183142,"Yes",88.1,6.1549269416636,"Fair",5,"Bachelor","Average",3,"No",87.3336164391378
"29",24,"Male",3.62467293901423,1.91201846496524,2.33831144389816,"Yes",78.4,8.487028367067,"Good",5,"High School","Poor",3,"Yes",92.9909107127747
"30",20,"Female",1.50398253930296,2.74333625343956,3.67568484714966,"Yes",82.6,7.9657799661721,"Poor",6,"High School","Poor",10,"Yes",89.6616901602552
"31",21,"Female",3.18973004206697,0.910857822326733,1.23998918243731,"No",75.6,8.87497560776767,"Fair",2,"Master","Average",5,"No",87.0715419757738
"32",17,"Other",0.95848249890363,2.92319650049542,3.28839601708795,"Yes",96.2,8.60182529753499,"Fair",4,"Bachelor","Average",3,"Yes",75.2126190220502
"33",20,"Other",2.38117413114484,3.26629050655967,3.48818594959038,"No",82.1,8.52422571080217,"Good",3,"Bachelor","Good",7,"No",75.7872656502322
"34",18,"Female",3.23161042003848,1.18656904664668,1.88626274764347,"No",99.5,6.9806045809989,"Poor",2,"None","Average",5,"No",87.1241050380993
"35",22,"Female",1.7206444012651,2.23171706511584,0.68072525703942,"No",100,8.29095303836518,"Fair",1,"High School","Good",4,"No",75.1401589067036
"36",21,"Female",3.67816880169677,1.13713264266429,0.625966416326637,"Yes",84.2,7.93700501654495,"Good",1,"Bachelor","Average",3,"No",88.1089222053003
"37",20,"Female",2.93694675575783,2.62498890843284,2.76700885379737,"No",74.9,8.25148130532978,"Fair",3,"High School","Good",4,"No",87.1241050380993
"38",17,"Male",4.23471483817722,2.01654111099546,0.135981773303138,"Yes",64.1,5.509081287894,"Good",0,"High School","Average",2,"No",80.6568559279501
"39",17,"Male",2.81053736983845,1.86106192855237,2.0014880479231,"No",70.3,7.78208451974189,"Poor",0,"Bachelor","Good",1,"No",79.8350941152814
"40",19,"Male",4.12468697237649,2.78320667389683,2.84346589155107,"No",71.3,6.98073287940567,"Good",1,"High School","Average",3,"No",92.7659809074121
"41",19,"Female",2.17510047079322,3.81758835770165,2.72701534606734,"No",98.8,9.58061462172137,"Good",6,"Bachelor","Good",2,"No",86.5950961304104
"42",23,"Female",2.12209279646847,2.72704965543773,2.61556693243812,"No",86.2,8.01271654267222,"Good",6,"Bachelor","Average",1,"No",84.5695026843172
"43",18,"Male",3.3247138898204,2.83428850036287,1.95880115215656,"No",88.9,8.10755408038806,"Fair",3,"High School","Poor",1,"Yes",83.1355099558298
"44",24,"Female",3.52000396125479,1.17114485229604,2.7080562091908,"No",62.8,8.12553336884947,"Poor",0,"Bachelor","Good",2,"No",84.4003188047553
"45",20,"Female",3.31642485691393,1.22763616981346,0.846282601588216,"No",73,7.42766808985875,"Good",4,"High School","Poor",9,"No",91.0104795632093
"46",20,"Male",3.46855205748684,3.08591061873532,2.02371899492492,"No",93.9,8.11027714194763,"Fair",1,"Bachelor","Average",5,"Yes",89.3661782772585
"47",24,"Male",2.40471795209777,3.44407026116975,1.34969266437407,"No",87.9,9.43945941311015,"Poor",5,"High School","Average",9,"Yes",87.2813492984435
"48",23,"Female",1.93924715966962,2.3414620772971,2.79889451754343,"No",83.5,8.34217872652438,"Good",4,"None","Good",8,"Yes",80.8439384260519
"49",22,"Female",1.25561921057408,2.47658997779991,2.80509755776512,"No",90.6,9.08321481225645,"Fair",3,"Bachelor","Good",6,"No",76.1419560001994
"50",22,"Female",4.60234828064257,2.14108206165857,2.67610301358724,"No",100,6.93826762150456,"Poor",5,"High School","Average",1,"No",98.6769563514979
"51",23,"Female",1.65593525723125,1.36953251060213,3.02596282243274,"No",82.8,6.92957707971557,"Fair",4,"Master","Good",10,"Yes",82.247759378273
"52",22,"Female",2.32432325893493,2.13482302759765,0.989190613084456,"No",85.7,8.25184989742949,"Poor",0,"High School","Average",5,"No",80.8439384260519
"53",19,"Female",2.21927032422099,2.96036086858576,3.13422561196855,"No",86.9,8.06309491839359,"Fair",6,"High School","Average",1,"No",73.0516521250015
"54",20,"Female",3.62527710599994,2.24173582657013,3.60350755284574,"No",100,7.30667233430547,"Good",0,"Bachelor","Good",7,"Yes",87.0715419757738
"55",23,"Female",2.54377019860716,1.84920049117396,2.69882030223093,"Yes",64,7.98397788442827,"Fair",5,"High School","Good",10,"No",85.7326876241333
"56",20,"Male",3.71485806387868,2.6822627640013,3.75261947083374,"No",91.8,8.1439086824882,"Good",2,"High School","Good",8,"No",94.9136637644652
"57",24,"Male",2.03956003274062,2.14726784743128,0.974016566210623,"No",83.9,6.93575672507576,"Good",6,"Bachelor","Average",8,"No",84.9612931779398
"58",17,"Male",3.67802458373232,1.96558294934093,1.39270376338951,"No",90.7,7.91691454030305,"Good",1,"Bachelor","Average",7,"Yes",89.4155938498634
"59",19,"Female",2.12504548231227,3.65832489712245,1.35880364790339,"No",78.4,8.69555902954454,"Poor",5,"Master","Average",2,"Yes",71.4845083132671
"60",21,"Female",5.27869856638529,1.91646808340779,2.54224101872619,"No",84.5,7.3407308580288,"Good",3,"Master","Average",5,"Yes",98.9071376504354
"61",19,"Female",1.31689647373176,1.8582563854758,1.62959382463969,"Yes",92.1,8.85515576047205,"Fair",1,"High School","Average",4,"No",81.7654695172655
"62",23,"Male",2.92162966764342,1.64583015151997,2.9372939249171,"No",100,6.78926634072297,"Fair",4,"Bachelor","Good",5,"No",89.3166968610996
"63",21,"Male",3.44058985936144,2.8112712491203,3.35855121693117,"Yes",93.1,8.13857422872378,"Good",6,"High School","Good",10,"No",97.9777261207505
"64",17,"Male",2.85161339830027,2.22246762741593,3.11342200862406,"Yes",76.5,6.52443500579842,"Fair",3,"Bachelor","Average",9,"No",90.5822593461593
"65",23,"Male",2.83552336862551,1.35649524027135,1.88150407168874,"No",80.8,7.25507889545604,"Good",3,"High School","Poor",4,"Yes",86.0043479236191
"66",18,"Female",3.3062228859854,2.68380041121577,0.530245022533275,"No",80.5,7.80847952011204,"Poor",0,"Master","Good",8,"No",86.5417783935659
"67",20,"Male",3.29284857455844,3.01527195970237,1.29365864321321,"No",67,7.09250005645255,"Good",4,"Bachelor","Average",8,"No",84.8497741832231
"68",17,"Male",2.77854853347005,1.66252532944791,2.83968843137189,"No",81.7,7.47989999455949,"Poor",0,"Master","Good",2,"No",82.3673594730613
"69",20,"Female",3.57422196340657,0.846091998056116,3.56265537845993,"Yes",92.3,7.06965137369508,"Good",0,"Bachelor","Poor",6,"No",92.6756261248012
"70",22,"Male",5.42549982928952,3.13015318646696,1.85322430473332,"No",72.3,8.42863934096263,"Poor",6,"Master","Average",5,"No",100
"71",18,"Female",2.64538926726872,1.84297706663806,1.55851525771907,"No",95.5,7.20435404401502,"Poor",2,"Bachelor","Good",2,"Yes",80.8439384260519
"72",18,"Female",1.69688043692166,2.35005959438732,0.858866518469136,"No",89.9,6.57690453176795,"Fair",0,"High School","Poor",10,"Yes",77.8663046261157
"73",17,"Male",3.11723239124091,0.570200610237085,0.860274628296114,"No",77.7,8.77562761042497,"Fair",1,"High School","Average",4,"Yes",90.3422081073524
"74",18,"Female",5.90124615347297,2.2095505553459,2.7576177779972,"No",83.6,7.59450197587682,"Fair",3,"High School","Average",7,"Yes",99.1359009857635
"75",21,"Female",2.31810273365505,0.688321883064126,1.27749867078628,"No",100,7.58815941966534,"Fair",6,"None","Good",1,"No",85.0724782829511
"76",18,"Female",4.13598528112117,2.83374248361355,2.73312875060305,"Yes",92.3,8.19224853566287,"Fair",0,"Bachelor","Good",9,"Yes",99.9628456223805
"77",20,"Male",4.83183152639871,2.15602197815695,2.53111725956547,"No",85.1,7.7867403643972,"Poor",5,"Bachelor","Average",10,"Yes",100
"78",20,"Female",2.55498251869921,2.10331052541299,1.58712532876521,"No",82.6,7.90052346474587,"Fair",1,"Bachelor","Poor",1,"No",79.255338756699
"79",23,"Female",3.75457992332028,1.68535432360014,1.87369748409994,"Yes",85.8,8.03749651921543,"Good",4,"Master","Good",5,"No",90.4384148900027
"80",20,"Male",4.30140620104395,2.62538120673025,2.5119413833695,"Yes",79.9,7.84921541294417,"Good",3,"Master","Average",7,"No",96.7417454600423
"81",23,"Male",2.62026492677573,2.12412848702815,1.58967355763881,"No",64,9.96220878772057,"Good",6,"High School","Good",8,"No",87.1241050380993
"82",20,"Other",2.59789622007619,3.13235696061232,4.64347814898242,"No",100,7.33047661689941,"Good",5,"High School","Poor",2,"No",79.514125848102
"83",21,"Female",2.6465171894827,4.07054102420609,0.852952835956334,"Yes",86.6,7.22559051404374,"Fair",6,"High School","Poor",4,"No",81.1536633017824
"84",24,"Male",2.69285325503394,0.770495024978669,2.52484843659279,"No",89,8.14407939515635,"Poor",6,"High School","Good",2,"Yes",74.6289402507601
"85",23,"Female",2.76380517690825,3.67076942997525,1.84561888979792,"No",84.4,7.35682722893029,"Fair",5,"Bachelor","Average",4,"No",75.2126190220502
"86",19,"Male",2.35446900421885,2.8619198020452,2.18479403400577,"No",77.6,7.4221271636381,"Good",4,"Bachelor","Good",6,"No",76.7719846383476
"87",22,"Male",2.55710812948614,1.99613051557184,2.74277994508128,"No",83.1,9.85851006728181,"Good",5,"Bachelor","Poor",6,"No",91.3401590668505
"88",17,"Male",2.24306585091154,0.873396233839511,1.24803347197766,"No",69,7.94004932239262,"Fair",1,"Master","Average",2,"Yes",72.1193237260201
"89",20,"Male",3.75095735346756,1.72151829261976,2.00686180294442,"No",100,7.19925926841737,"Poor",6,"Bachelor","Good",4,"No",88.5158939203646
"90",18,"Male",1.18718744614989,3.1019680711013,1.27239286846571,"No",72.7,7.52822665958214,"Poor",4,"High School","Average",4,"Yes",66.9802577770793
"91",24,"Male",3.081459454724,2.55352662304918,2.39367536896291,"No",74.7,8.44500326363105,"Fair",6,"Bachelor","Good",1,"No",90.6778470368583
"92",20,"Female",3.58376704338266,2.83750077349363,2.05312957022306,"No",80.6,6.87949439954698,"Fair",5,"High School","Average",2,"No",83.0769822883439
"93",18,"Male",0.805486294025918,1.44348251134344,3.0912684152886,"Yes",97.9,5.25009417916277,"Poor",4,"High School","Good",3,"No",69.4277370104936
"94",22,"Male",3.53257813743872,2.45335620671467,2.7124551876648,"No",85.1,6.95357708385314,"Good",4,"None","Good",5,"No",86.8605425596476
"95",22,"Female",4.22170121369517,1.03374085223594,2.28329218659557,"No",72.6,6.53675415664805,"Fair",0,"High School","Average",8,"No",92.3119924008588
"96",22,"Male",2.0059214203038,2.14438969172413,1.93586061501333,"No",97.5,7.5834669467517,"Good",0,"High School","Good",6,"No",74.4076736736153
"97",18,"Female",5.39265983074759,2.40261427520962,0.799519675484481,"No",92.3,7.80699608282534,"Good",0,"High School","Good",3,"No",95.2105820581992
"98",20,"Male",3.35288223618338,1.21330384211827,1.24758298701351,"No",90.4,7.6527263711921,"Good",5,"Bachelor","Average",6,"No",92.1288315001682
"99",22,"Male",2.65457457739833,0.170548937543127,2.80059083421317,"No",92.2,6.31861222733141,"Good",3,"Bachelor","Good",7,"Yes",83.3687025420764
"100",21,"Male",2.49160798763912,2.25515026084925,3.24239052853042,"No",100,8.04672749373879,"Good",1,"High School","Good",6,"No",84.3437524612469
"101",23,"Male",3.5282290689627,2.66849285182473,2.10291036386349,"No",100,7.85555587087616,"Good",5,"None","Average",10,"Yes",97.3848056381946
"102",18,"Male",3.55578902096809,2.31766322885,2.25425888974595,"No",78.1,5.79157152833606,"Good",6,"Bachelor","Average",6,"No",88.8182222984488
"103",18,"Male",3.46304550597538,3.42085103579904,1.79278883821501,"No",100,7.83300544182873,"Fair",0,"None","Average",1,"No",81.5219552195522
"104",20,"Male",2.03974839687843,1.32830606438294,3.19305383016189,"No",88.8,8.40868767940526,"Good",4,"Master","Average",3,"No",74.5553311140074
"105",18,"Male",3.4875955630081,2.04180729926666,2.44361975028124,"No",90,8.6443920553565,"Good",5,"Bachelor","Good",7,"No",88.9684684804684
"106",18,"Male",1.68636057493854,3.27177822931069,3.35991503792167,"Yes",68.1,8.63628142005972,"Good",4,"High School","Average",4,"Yes",58.6031792420477
"107",22,"Male",3.09874200448732,0.348200887573513,1.18268782801323,"No",83.3,9.81631622412771,"Good",6,"High School","Good",4,"Yes",92.7659809074121
"108",20,"Male",1.64827859848553,2.42539411404277,2.70743966094729,"No",76.9,7.18078945694474,"Fair",4,"None","Average",7,"No",81.2768335551049
"109",22,"Female",2.25455647376439,2.05851246811612,2.2484729791522,"No",93.3,7.57331341620655,"Poor",4,"High School","Average",9,"Yes",81.0300831633341
"110",23,"Female",3.84390067931919,2.42816926592872,3.00497796300864,"No",95.7,7.34669206953012,"Fair",2,"High School","Good",2,"No",90.5343730760384
"111",24,"Male",4.2936638203869,2.39071358980066,1.37161505979239,"No",64.3,8.00360767846083,"Fair",3,"Bachelor","Average",9,"Yes",94.614352321083
"112",23,"Female",4.31856284355531,1.72807059770615,1.29709097715413,"No",84.8,8.11139820112701,"Good",1,"High School","Average",3,"No",90.2457514366744
"113",24,"Female",1.80855945270672,1.66402599634543,2.60181001754146,"No",96.2,6.97054681778529,"Fair",1,"Bachelor","Poor",6,"Yes",69.4277370104936
"114",22,"Male",2.68963042658629,1.52519373409895,2.10320663646263,"No",83.1,7.83060507617599,"Fair",0,"Bachelor","Average",4,"No",75.2126190220502
"115",23,"Female",3.97902834696692,1.05197598449797,1.63383446192414,"No",92.3,9.24099798602261,"Fair",2,"High School","Average",1,"No",93.2144863268772
"116",20,"Female",2.79416343760834,1.84168121444252,3.24522135461285,"No",88.5,8.28416193166484,"Poor",5,"None","Good",9,"No",92.9460336108383
"117",17,"Male",5.70063343636606,2.48245631764536,2.31391422137788,"No",88.4,7.58551706315848,"Good",5,"None","Average",6,"Yes",98.0169195780382
"118",22,"Male",3.21954644616359,1.05950479644809,2.18360839634225,"No",82.3,8.34765032081038,"Good",1,"None","Good",8,"No",92.0828997721939
"119",24,"Female",3.55051883140012,2.87718263396114,2.07795276177431,"No",72.8,7.85256022293616,"Poor",3,"Bachelor","Good",2,"Yes",79.9627086646898
"120",21,"Female",2.96452587216556,2.627884714529,2.33319442174122,"Yes",73.8,8.7094106881543,"Fair",4,"High School","Average",7,"No",84.7379192874128
"121",24,"Male",2.7423841016118,0.558786716023426,1.20440023305958,"No",92.1,8.3709302169906,"Fair",6,"Bachelor","Average",6,"No",95.2105820581992
"122",21,"Male",2.92300886798892,1.52003116966161,1.72271341776942,"No",85.2,8.80527767480491,"Poor",0,"High School","Good",2,"No",81.338265822767
"123",18,"Male",3.61504001281327,2.86695178744583,0.792394528041655,"No",83.6,9.9978470584131,"Poor",3,"High School","Good",2,"No",93.8772486651404
"124",23,"Female",4.1432000049748,0.82328603382834,2.43734927939232,"No",80.8,8.4144510252687,"Good",1,"Bachelor","Average",4,"No",90.2940110891231
"125",21,"Female",2.45336893347653,2.02188488322046,0.983742251812978,"No",81.9,7.38091868382581,"Fair",2,"Bachelor","Average",4,"No",82.0676338965891
"126",24,"Male",1.96005685869267,2.64362453046679,3.22273047978575,"No",95.5,7.95293168648934,"Fair",0,"High School","Average",3,"No",69.5122326040184
"127",18,"Male",1.14743234784814,2.58885728077734,1.29187175249485,"Yes",81.6,8.19915166213763,"Poor",1,"High School","Poor",8,"No",68.1366754459412
"128",17,"Female",3.79765095129278,1.87902223508945,2.02227044989273,"No",71.6,9.19232055589321,"Good",5,"Bachelor","Good",7,"No",95.2528058232176
"129",20,"Male",2.44930526391269,1.29384556100565,1.07157228207294,"No",92.4,7.87893904896371,"Good",0,"High School","Good",2,"No",73.2811222516444
"130",20,"Male",0.907910493211032,3.43199737006888,1.77873846341727,"No",83,7.55907141517409,"Good",1,"High School","Average",3,"Yes",51.1007593334803
"131",20,"Female",3.09906759267684,3.71172607075886,3.44434302959826,"No",85.3,6.94079615537271,"Poor",5,"Bachelor","Good",10,"No",92.4487726561659
"132",21,"Female",5.22778736263715,2.71367528674189,1.07252975330298,"No",100,8.80085391304381,"Good",6,"High School","Good",9,"No",100
"133",17,"Female",3.14430112709128,1.99206821640291,2.94030274182305,"Yes",84.8,8.60738689848413,"Fair",5,"Bachelor","Average",5,"Yes",88.8182222984488
"134",21,"Female",4.41545125770071,1.23567399748573,1.96172254138002,"No",87.9,7.33071662668711,"Fair",4,"Bachelor","Poor",2,"Yes",90.9631426577137
"135",23,"Male",3.0976220982898,1.0387177508505,0.836413117451315,"No",73.2,8.10266002802908,"Fair",2,"Bachelor","Good",3,"No",87.1241050380993
"136",21,"Male",2.69034811831348,3.15937992831958,1.69771312841621,"No",82.8,6.0596237286284,"Fair",4,"Bachelor","Good",8,"No",88.9684684804684
"137",17,"Female",4.46938713510429,2.51836299909948,2.79739381339252,"No",91.1,7.65079822005249,"Good",1,"Bachelor","Good",4,"No",85.4590253883965
"138",17,"Male",2.81224743940252,3.50236317681241,1.12956316816582,"No",69.4,7.77022616292098,"Good",6,"Bachelor","Poor",2,"No",83.830740195347
"139",23,"Male",3.39472547525154,2.45515240333735,0.743021657117324,"No",87,9.0690600024455,"Fair",3,"Master","Average",2,"No",83.4847520031833
"140",17,"Male",3.37335649627382,1.53902201749,3.10606609250551,"No",86,6.7195907116625,"Good",6,"High School","Poor",6,"No",93.3035410394184
"141",24,"Male",2.66344030316519,2.96595340212227,2.05403920626552,"No",85.4,6.50254711423206,"Good",6,"High School","Good",8,"No",83.0769822883439
"142",17,"Male",4.48973307023806,0.745860786825581,0.857153451455125,"No",95.4,7.0433004641657,"Good",6,"Bachelor","Good",7,"No",98.5613284511293
"143",20,"Male",2.5068266307834,1.94298448997163,2.69220369078016,"No",88.3,6.53206251849659,"Fair",4,"Bachelor","Poor",4,"Yes",84.2303606255648
"144",24,"Male",2.09902789264794,2.79247410941517,1.39010327933539,"No",99.8,8.70712846498656,"Fair",3,"None","Good",2,"No",82.247759378273
"145",24,"Male",3.43606978312121,3.64589195515851,2.8566940155051,"No",75.1,9.23641095231632,"Fair",5,"Master","Good",9,"Yes",88.8182222984488
"146",23,"Female",2.14568157128459,4.61398891833821,2.5706571981948,"No",86.4,8.16722678165132,"Good",1,"None","Good",4,"No",71.7238375884558
"147",19,"Female",3.3776875077568,2.44608002609676,2.06122106950564,"No",85.8,8.91828140200604,"Poor",2,"Bachelor","Good",9,"No",89.5634472528704
"148",19,"Female",2.27827717902531,2.56986129387418,2.44496003049428,"No",74.3,8.27960149201005,"Fair",3,"Bachelor","Poor",5,"Yes",90.8207688194266
"149",17,"Female",3.8567755961057,2.62221835818492,3.53667232479098,"No",94.6,7.51394509706261,"Fair",1,"Master","Good",7,"No",94.0520056809768
"150",24,"Female",3.72569137588979,2.84180628968127,2.20128666614389,"Yes",100,6.91212555303723,"Fair",3,"None","Poor",5,"No",89.5142281637131
"151",19,"Male",2.80592827947441,1.99398630496867,0.85587482111156,"Yes",84.8,7.87145096149443,"Good",4,"Bachelor","Average",2,"No",83.5426410208809
"152",19,"Female",3.79464254980528,3.80178726889525,2.20082461983051,"No",90.1,6.44806031657226,"Good",1,"High School","Good",6,"No",86.5950961304104
"153",17,"Female",4.78308373132049,2.39337329395546,3.49176900863716,"No",85.8,7.5654830808055,"Good",4,"High School","Good",7,"No",96.2109333820811
"154",19,"Female",3.96329158617766,2.59620963025719,0.703128604078608,"No",77.9,7.69403088895339,"Good",0,"None","Average",6,"No",92.3576418194319
"155",21,"Male",3.22353113219728,2.39632078699313,2.0068591178706,"No",66.8,8.02180730696042,"Fair",1,"Bachelor","Good",3,"No",84.0025329334814
"156",18,"Male",1.35107431778848,3.06730378521637,2.54047850325775,"No",77.9,7.62041375623024,"Fair",3,"High School","Good",10,"No",79.3202047947338
"157",23,"Male",1.67993717725154,2.70275362639887,2.61525944722416,"Yes",71.1,7.63797525076203,"Fair",0,"High School","Good",8,"No",79.5785418179968
"158",18,"Male",1.73871451297781,1.86899085887847,1.74344130082684,"No",100,7.52961078526951,"Poor",4,"Bachelor","Poor",3,"No",78.9292980554058
"159",17,"Female",1.96628408609094,2.02229707846616,2.98116767285749,"No",83.8,8.0691035236016,"Fair",4,"Bachelor","Good",5,"Yes",82.4270153852204
"160",20,"Female",2.37522503397245,2.04688308876652,4.01101382960374,"No",81.5,8.01779977795335,"Good",3,"Bachelor","Average",9,"No",90.7255487740954
"161",23,"Male",2.77314146474655,2.56922993335353,2.26503140686627,"No",93.9,6.84452697720809,"Fair",0,"Master","Average",5,"No",84.1166214942849
"162",17,"Other",3.53523171903284,3.45621315808387,1.92746144213467,"No",73.8,6.76107255951834,"Good",6,"High School","Average",7,"No",90.1974289870024
"163",24,"Female",3.30680546210125,2.57047131074177,0.895932207239377,"No",77.3,7.40246899490896,"Fair",5,"Master","Average",7,"No",93.4367239580196
"164",20,"Male",4.09582337608259,3.51749862195323,2.36798652991534,"No",85.7,6.37743067469485,"Poor",2,"Master","Good",5,"No",87.0715419757738
"165",18,"Male",3.07250947312452,1.87543709476315,2.68382677558884,"No",95.3,7.6089715205214,"Poor",3,"High School","Average",2,"Yes",82.9008437889619
"166",17,"Male",1.19214390754168,1.87017884453668,2.19284368588893,"No",90,8.3343073061048,"Fair",4,"High School","Good",5,"No",65.0326160968155
"167",24,"Male",2.05215922576792,1.52370354895997,2.01348431354594,"No",87.5,6.67760714129829,"Fair",1,"High School","Average",7,"No",84.9612931779398
"168",23,"Male",2.84088911813607,2.03294120809298,1.41300753125371,"Yes",85.8,8.10785215584598,"Poor",0,"High School","Good",7,"No",87.9037515324008
"169",23,"Male",2.13451566337184,2.36543832018257,0.657135031089739,"No",89,7.34468429265944,"Fair",5,"Bachelor","Good",4,"Yes",74.3336242027526
"170",22,"Male",3.22252675906956,2.90627572083305,3.05670401867494,"Yes",87,8.46413232934183,"Fair",2,"Bachelor","Good",1,"No",82.4865756182492
"171",24,"Male",4.04361538796401,2.1520486862857,3.01401870259735,"No",74.7,9.42600833605941,"Fair",1,"Bachelor","Good",6,"No",98.7154191175805
"172",21,"Female",4.14751591265936,2.39271553179274,1.33556378455062,"No",85.5,6.62039021947622,"Good",0,"Bachelor","Good",3,"Yes",94.3126088369978
"173",19,"Male",2.64249721246359,0.943536483207536,3.30624398725428,"No",74.3,8.03518121846603,"Good",5,"High School","Good",5,"No",85.841590333654
"174",20,"Female",4.47022997630515,2.46279245949779,2.60231434883307,"No",85.8,6.61076798294132,"Fair",3,"Master","Good",4,"Yes",93.4367239580196
"175",24,"Male",2.52447048582398,3.72773183857225,3.57462948301893,"Yes",80.2,8.0604724603392,"Good",5,"High School","Poor",2,"No",86.381364332756
"176",22,"Other",2.42102532136699,3.2506089087734,1.30958460446776,"No",100,6.54578865753727,"Good",3,"Master","Good",7,"No",84.1735346047853
"177",19,"Male",2.61427653595493,2.33067212646634,0.916954513043632,"No",84.6,7.9907267097024,"Good",6,"High School","Average",5,"Yes",90.5343730760384
"178",19,"Male",2.25505487402838,2.79196289500261,1.955917180426,"No",71,7.08801985528697,"Fair",0,"Master","Average",7,"Yes",77.7988463017839
"179",17,"Other",2.99278773572961,1.34446173504615,2.15322834107029,"Yes",83.7,7.67862331283049,"Poor",5,"None","Good",9,"No",84.1166214942849
"180",19,"Female",3.67691183357063,1.37576229243837,3.08883137206941,"No",90.2,6.62893862170826,"Good",2,"High School","Average",4,"No",79.8350941152814
"181",21,"Female",2.92673628070147,2.77019200597117,2.86475560955595,"Yes",100,8.27357555973698,"Fair",5,"None","Good",5,"No",86.3277386233175
"182",23,"Male",2.72753619890942,2.65982034498874,2.31455835666888,"Yes",79.1,6.98716502098812,"Good",0,"Bachelor","Average",9,"No",85.3489933157997
"183",22,"Male",3.02924469662867,2.97931878801831,1.69627332122823,"No",69.2,7.76539891181044,"Good",1,"Master","Poor",10,"No",91.666937519027
"184",19,"Female",4.13359596952185,2.20893110107502,3.12291143222245,"No",93.2,7.40119495421017,"Fair",1,"High School","Average",4,"Yes",94.2693017798064
"185",17,"Female",4.27045486789529,0.0983188096996753,0.954595488145904,"No",71.2,7.99821576886775,"Fair",5,"Master","Poor",5,"No",98.5613284511293
"186",21,"Female",1.81535414184642,2.8336521568477,2.87723834651588,"Yes",80.6,7.88383369944304,"Fair",5,"Bachelor","Good",5,"No",66.3423265529947
"187",18,"Female",0.241520585047313,1.92698345067727,2.22897162915138,"No",82.4,7.52053632460423,"Fair",3,"Bachelor","Average",8,"No",77.9336406324759
"188",23,"Male",4.1397136043923,2.01520776865698,3.07837099882846,"No",84.3,7.4349570991465,"Fair",0,"Bachelor","Average",4,"No",88.7177194026452
"189",23,"Female",1.44371434202151,3.1923772555505,2.73020868269015,"No",91.9,8.86499042976518,"Fair",3,"High School","Poor",4,"Yes",71.5644562393725
"190",22,"Male",2.83326774139435,1.96756018392829,1.7122492018191,"No",78.2,7.17188654414022,"Fair",2,"High School","Average",7,"Yes",81.338265822767
"191",23,"Male",1.57351519686238,3.39133362359404,1.54565788255675,"No",82.3,8.54857363932804,"Poor",6,"Master","Good",5,"No",78.0679474600031
"192",19,"Male",0.807042491430112,3.15085435092502,1.765793360618,"No",84.9,9.10200399966977,"Good",1,"Master","Average",6,"No",70.4292124607962
"193",17,"Female",3.30227987227925,3.0011170896162,2.74143585417091,"No",86.5,6.76929409226088,"Poor",4,"Master","Good",6,"No",86.4349127159824
"194",23,"Male",3.47616200331708,1.48984874662005,2.00613981812683,"No",86,6.80389850690271,"Good",4,"Master","Good",6,"No",92.3119924008588
"195",23,"Male",2.35949021049759,3.30041281105578,1.80141782637455,"No",89.4,7.97946276907385,"Good",0,"High School","Good",10,"No",84.9055755420817
"196",18,"Female",0.59340761604793,2.89644876255705,1.83746740926838,"No",93.4,7.21813634733653,"Fair",0,"Bachelor","Good",5,"No",50.9619337612154
"197",18,"Male",2.10506521464184,2.42573309493271,2.39071826668237,"No",88.9,8.97838091659289,"Good",4,"High School","Poor",5,"No",83.715768594742
"198",20,"Female",2.44099147128924,2.50944099349322,1.3180263677001,"No",89.5,7.99610625587092,"Fair",0,"Master","Average",9,"Yes",94.8710524031255
"199",21,"Male",1.29081347531293,1.06730886440474,2.27573649968398,"Yes",69.2,7.09808930248272,"Good",1,"High School","Good",8,"Yes",67.9610921527269
"200",19,"Female",3.18945160640303,2.89079576761234,1.18199634566859,"No",85.5,6.94007823535973,"Fair",2,"Bachelor","Good",4,"No",82.0073973913576
"201",23,"Female",2.9770823074504,1.47196814381472,1.08572104168281,"No",89.8,8.74003524489796,"Fair",2,"Bachelor","Good",7,"No",92.5850509644534
"202",24,"Male",4.17132077930652,0.179470904719253,0,"No",92.3,7.54956896866997,"Fair",3,"High School","Good",8,"No",98.6769563514979
"203",23,"Male",3.1134213739034,0.89105156350004,0.675497507101388,"No",78.1,8.28877750673044,"Fair",1,"None","Average",9,"No",94.008393465356
"204",17,"Male",1.94886626665144,3.3244464235037,0.742295276803674,"No",78.4,8.4073621186506,"Fair",6,"Master","Poor",5,"No",80.0898861771143
"205",20,"Male",3.96488334646236,1.70051423179139,1.39413577624611,"No",79.3,7.63985892560048,"Fair",0,"Bachelor","Good",3,"Yes",90.9631426577137
"206",21,"Other",3.55230881053658,3.27902002837683,3.06356195473396,"No",90.4,7.16644419635602,"Fair",0,"High School","Good",4,"No",78.732290710963
"207",24,"Male",3.3121123147524,1.20878533650164,1.12557935780796,"No",95.3,8.0014666789539,"Poor",6,"Bachelor","Average",10,"Yes",97.1449611187922
"208",20,"Female",1.94078328374407,1.61032046357824,2.22272721511858,"No",80.9,7.71676128131103,"Poor",3,"Bachelor","Good",6,"Yes",82.4270153852204
"209",22,"Male",2.85692363344288,1.03524498635144,1.94647354692617,"Yes",94.1,8.24967389793853,"Fair",3,"High School","Average",10,"No",89.71071432227
"210",21,"Female",1.49198327863896,3.06024161051865,2.70661418626501,"No",86.2,7.82465749108192,"Poor",0,"High School","Average",5,"Yes",72.0405627265434
"211",23,"Female",2.21272068489221,2.36513637353135,2.33180336148941,"Yes",83.8,7.84255948965052,"Poor",0,"Master","Good",9,"No",84.7379192874128
"212",23,"Female",4.62340257581583,1.6732413106013,1.26928449423578,"No",82.9,7.6960427422574,"Good",6,"Bachelor","Good",3,"Yes",99.3632637204655
"213",21,"Male",1.15301361076772,2.13188900477686,3.9955196683088,"No",92.5,6.45337046550186,"Poor",1,"Bachelor","Average",2,"Yes",54.9162827087509
"214",23,"Male",1.7412080746389,2.31830659260114,3.3592185719428,"No",88.3,7.84479265168445,"Good",6,"Bachelor","Poor",6,"No",70.7571245016213
"215",19,"Male",4.45165390040434,3.35551399870225,0.906971318286736,"No",100,9.22026234905544,"Fair",3,"None","Average",7,"No",100
"216",21,"Female",2.93387145530698,3.86848233029453,1.67803285315004,"No",76.5,6.32057707813146,"Good",6,"High School","Good",5,"Yes",85.4040501047325
"217",20,"Female",1.85606256766699,1.98692456325434,2.09001337959275,"No",90.2,7.20523158147016,"Fair",6,"High School","Average",1,"Yes",81.2152994940779
"218",21,"Other",3.83776099755037,1.39671623219098,1.48352437669588,"No",79.7,7.10968217980859,"Fair",6,"High School","Good",3,"No",94.8283920913313
"219",24,"Male",2.01285945143875,1.80602665140006,2.3740326889336,"No",76.3,8.63333296028177,"Fair",1,"Bachelor","Good",3,"No",73.1282998247255
"220",23,"Female",4.63911881985333,2.70403899669987,1.88526956389343,"No",84.9,7.91051616419884,"Fair",5,"Master","Good",4,"No",100
"221",19,"Female",3.94731166939722,1.46699853433913,3.81802636184014,"No",86.4,7.27397279277014,"Fair",0,"High School","Average",10,"No",92.6756261248012
"222",19,"Male",2.83353977544301,1.28890140691444,2.91120836244623,"No",100,6.67918258075948,"Poor",4,"High School","Good",6,"Yes",83.2522892889605
"223",22,"Male",4.9607106506024,2.64783438195388,2.25713683422389,"No",83.2,7.98541339831506,"Good",6,"Bachelor","Average",5,"No",100
"224",20,"Female",2.57927005395575,2.2641734334523,2.80977011336422,"No",73.7,6.11610003411367,"Fair",4,"Master","Average",1,"No",67.6961507388204
"225",18,"Female",3.67065785205005,2.1743092526811,2.61740581246728,"No",87.7,7.99863920859967,"Fair",5,"Bachelor","Poor",6,"No",88.1600382454879
"226",18,"Female",3.20876841138485,1.66137408800986,1.71603755258028,"No",64.3,8.28455363158243,"Good",0,"Master","Average",9,"Yes",88.9684684804684
"227",21,"Male",4.4820879364371,1.98865618485103,1.12866344137596,"Yes",84.1,7.11678894869654,"Fair",3,"Bachelor","Good",1,"No",95.5470355246306
"228",22,"Female",4.83386566391716,1.5600057866865,2.32636285765167,"No",85.2,5.99859794800514,"Good",4,"Bachelor","Average",8,"Yes",98.7154191175805
"229",17,"Male",3.26354918625939,3.0726509940988,2.53989912335478,"No",92.9,8.75331155634664,"Fair",3,"High School","Average",8,"Yes",88.1089222053003
"230",21,"Male",2.23193603453879,3.10546050777819,1.99406386520298,"No",94.7,7.47223508190526,"Good",4,"High School","Good",3,"Yes",76.0004861249838
"231",22,"Male",2.83045173852095,1.08799478535571,0.97499204190512,"No",80,9.26336890387389,"Poor",3,"High School","Poor",9,"Yes",100
"232",20,"Female",2.3406460877351,0.518404574843474,1.12737021727658,"No",83.5,8.73346142276323,"Good",6,"Bachelor","Good",8,"No",88.3638017050405
"233",20,"Female",4.83006153922528,1.1140258010933,2.18831186879979,"No",77.3,7.27147542482079,"Good",4,"Master","Average",3,"No",100
"234",20,"Female",3.15070404119463,1.43285475964844,1.85593281087684,"No",73.7,8.29197412531188,"Fair",3,"Master","Poor",10,"Yes",92.0828997721939
"235",20,"Male",3.20277652443606,1.73856922601501,3.36145546687253,"No",88.1,6.78234202128297,"Poor",5,"High School","Good",5,"No",82.7829522698469
"236",20,"Female",3.34472319423625,0.942551159473477,0.778507191375475,"No",72.3,7.99690650775785,"Fair",1,"High School","Poor",3,"No",87.5419524544645
"237",22,"Male",1.85248931579016,1.11328458412415,1.97878038734686,"No",80.9,7.536499352548,"Good",3,"High School","Good",5,"No",71.3240942524572
"238",22,"Female",2.02269063054572,1.49394831180218,3.46705096735101,"Yes",75,6.19362828965897,"Fair",1,"High School","Average",9,"No",76.9796410825094
"239",19,"Male",4.0911782869785,2.327265106229,3.9685123483365,"No",90.5,7.99926185827779,"Fair",1,"Bachelor","Poor",4,"Yes",88.9184539310458
"240",24,"Male",2.19467243923143,2.37428304118001,2.17442285940437,"No",100,7.57518548709902,"Poor",0,"Master","Poor",6,"No",76.0712884292395
"241",18,"Male",1.83338073436193,1.48630249907376,2.59066009607235,"No",72,7.60248410762246,"Fair",6,"Master","Poor",3,"No",75.1401589067036
"242",23,"Male",3.4133346062297,2.01504690169222,2.52062000599114,"Yes",66.5,6.97169662758795,"Fair",5,"Bachelor","Poor",3,"No",81.3995966332935
"243",20,"Female",3.5663504117527,2.12852722599482,2.73855574640195,"No",83.8,9.12482495474552,"Good",1,"Bachelor","Good",5,"No",96.7011820509487
"244",17,"Female",3.92822295630944,2.0094061320054,1.92620529829084,"No",85.2,8.3519842693602,"Fair",2,"Bachelor","Average",8,"No",94.9562262875577
"245",23,"Male",4.55471094465878,3.48710349254383,2.02353896125025,"No",87.2,8.13421431420342,"Good",6,"High School","Average",8,"No",99.2497563554791
"246",22,"Female",2.49080423518014,3.0656672028641,0.824947977008313,"No",80.5,7.25065521817553,"Fair",1,"Bachelor","Average",3,"Yes",72.6660225191815
"247",17,"Male",1.21581004464424,1.36197260118296,2.81896768161664,"Yes",83,6.25073991953165,"Poor",3,"Bachelor","Good",8,"No",74.9948131347322
"248",17,"Female",4.40095704972615,2.98991440120419,2.31765955069435,"No",88.7,9.1622645519883,"Fair",1,"Bachelor","Good",8,"Yes",96.0873532436329
"249",17,"Female",2.62631374431316,2.28397615587389,1.38274196737548,"No",95.4,8.4449202604831,"Fair",3,"High School","Good",3,"No",77.18614280461
"250",19,"Female",2.51218797420192,1.89157107002218,4.18495274281714,"No",65.4,6.50905354385621,"Good",3,"High School","Good",10,"Yes",80.0263518633569
"251",22,"Male",3.98811793956995,2.70094671496161,2.09281235217789,"Yes",81.3,7.97928720722334,"Good",2,"High School","Average",10,"No",100
"252",17,"Female",3.59631547121896,3.78767302837854,1.75829638898082,"No",87.1,8.08913509363309,"Fair",1,"Master","Average",2,"No",84.1166214942849
"253",20,"Female",3.35867547229832,1.53438504507302,3.62491078045874,"No",75.8,7.43332338472143,"Fair",1,"High School","Good",10,"No",94.0955667385618
"254",21,"Male",5.10866312734211,2.00279728131581,1.50241520939546,"No",100,8.23880721698483,"Fair",4,"Bachelor","Good",2,"No",97.6231110377841
"255",17,"Male",2.2418908469994,2.83692082665509,1.57506463122159,"Yes",78.6,8.91984420908395,"Good",6,"Bachelor","Average",9,"No",91.1521293115565
"256",19,"Female",3.26094382396821,3.19192460840381,2.44229116452842,"No",84.6,6.72441871464763,"Good",4,"High School","Average",7,"No",93.9647299713981
"257",23,"Female",3.22014001164857,2.46971403865793,2.57077442732208,"No",90.6,7.30766474281524,"Good",0,"Bachelor","Good",6,"No",83.715768594742
"258",22,"Female",3.36230315028935,2.62982834617164,2.33152992903493,"No",79.1,7.99158559318574,"Fair",3,"Master","Good",7,"No",87.2813492984435
"259",24,"Female",4.38986853401904,2.76391602924948,1.20158098966186,"No",66.5,5.25605286849933,"Fair",2,"High School","Average",8,"No",96.4159907630338
"260",19,"Female",3.27429874426823,1.41544271753114,2.40766535201849,"No",80.7,7.17923409950448,"Fair",4,"Master","Good",1,"No",88.1089222053003
"261",17,"Male",3.32971184466984,3.15740274018004,1.33753245520791,"No",95.3,6.8168535919398,"Fair",1,"High School","Average",8,"No",87.2290084901551
"262",22,"Male",4.48902341950589,3.38549005419121,2.006809992384,"Yes",81.6,6.79781545630941,"Fair",0,"None","Poor",3,"Yes",84.0596210267117
"263",21,"Male",2.72731689278461,2.14497432533664,2.01641920594302,"No",76.5,7.64350885403333,"Poor",2,"Master","Average",3,"No",73.5848932488094
"264",17,"Female",2.67701573617047,1.56860228280797,1.48126099801247,"Yes",94.3,8.01210276842789,"Poor",5,"Bachelor","Average",6,"No",82.6646852994004
"265",19,"Male",2.5860128150315,0.784428177503516,0.416130562534254,"No",81.7,7.01750401921656,"Good",1,"Master","Poor",4,"No",75.3571164702484
"266",18,"Female",0.4578108653309,3.23899190732802,3.76679339799517,"No",79.9,6.46364017392157,"Good",1,"Bachelor","Good",4,"No",37.1357973329779
"267",20,"Female",4.56792948875248,3.21814408735474,2.54930616176621,"No",86.5,9.66462026212657,"Fair",5,"Master","Average",4,"Yes",100
"268",24,"Female",1.97571560425937,2.32723539701931,2.88365147068108,"Yes",92.7,9.08232165268306,"Fair",3,"Bachelor","Good",10,"No",76.6328990924937
"269",23,"Male",2.57216477950536,3.48418834730099,2.68564914720591,"No",100,6.65626089934581,"Fair",3,"Bachelor","Poor",9,"No",89.8573996900773
"270",19,"Female",2.51075357109403,2.00518505466296,2.90861588835622,"No",93.3,9.10462719844975,"Good",4,"Bachelor","Average",8,"No",94.2259441597813
"271",22,"Male",3.74887951799936,2.6277199408118,2.31373682925742,"Yes",96.6,7.01311605481953,"Good",4,"High School","Good",3,"Yes",82.8419448117729
"272",24,"Female",3.87825850959513,1.65700535896138,3.06908575074311,"Yes",79.9,7.8978038496525,"Good",1,"Master","Good",1,"No",88.6169437713763
"273",24,"Male",4.21985474730765,2.0996570200078,2.26972236181063,"Yes",74.7,7.35349943124165,"Good",6,"High School","Good",1,"No",89.9061663383632
"274",24,"Male",2.45321919246391,2.09495581142108,2.42251989735009,"No",85.6,6.49672239154582,"Fair",1,"Bachelor","Good",1,"Yes",70.7571245016213
"275",17,"Female",2.71658200258283,1.78873371844134,3.47235733609245,"No",86.1,9.17312165446344,"Fair",4,"High School","Average",4,"Yes",80.1533119779004
"276",20,"Male",3.37617268942078,1.96398981623027,2.54269328328282,"No",74.2,7.85250215107149,"Fair",5,"Bachelor","Average",6,"No",90.6778470368583
"277",17,"Male",2.49513292555248,2.36542862589119,2.33305746829234,"Yes",83.2,7.34191340971703,"Fair",4,"High School","Good",4,"Yes",81.9470630201119
"278",22,"Female",4.47503827928202,3.02269176783127,1.54480466300972,"No",89,6.34450863107662,"Good",1,"None","Good",3,"No",87.4899779220714
"279",17,"Female",2.73421162996945,1.65220894628477,1.77519613907917,"No",88.6,7.0451274414153,"Fair",2,"Master","Good",8,"Yes",97.6626803514192
"280",18,"Female",3.59828845846318,0.691307515555186,1.91781115022266,"No",90,6.86963138776503,"Poor",1,"High School","Good",8,"No",94.355865449149
"281",20,"Female",4.03351613372882,3.60531331092857,2.32843974322019,"No",87.9,7.27731242744475,"Fair",2,"Bachelor","Good",6,"No",88.7177194026452
"282",20,"Female",4.47562092550993,3.14989193862411,1.48916511380768,"Yes",79.9,6.72152299189341,"Good",2,"High School","Average",9,"No",93.2144863268772
"283",22,"Male",2.70997272432846,1.15947844324565,2.68445770185643,"Yes",79.9,7.56022074150221,"Fair",1,"None","Good",10,"No",91.5738652965417
"284",23,"Male",1.71510068078941,2.39042196452015,2.98279547216235,"Yes",73,9.31939367205078,"Good",6,"High School","Good",1,"No",72.0405627265434
"285",18,"Male",3.84376698233808,1.80697667563132,2.37390036561048,"No",100,8.36425028901936,"Fair",6,"Bachelor","Good",8,"No",96.8631705186326
"286",19,"Female",1.75512360949282,2.78288111838337,1.65162298594915,"Yes",85.1,7.78651605064115,"Poor",0,"None","Poor",6,"Yes",81.3995966332935
"287",17,"Female",3.29716861324938,2.37424906069252,1.35800969063754,"No",82.8,7.37607602408822,"Fair",4,"Master","Average",1,"No",71.6442324189954
"288",21,"Male",3.24830329393296,2.04233787707982,1.54904730671076,"No",75.7,9.37455643452686,"Good",6,"High School","Poor",4,"Yes",93.6135614223372
"289",17,"Male",4.57083076871463,1.57111331979566,1.87283959449328,"No",100,7.74348656608822,"Fair",3,"High School","Average",5,"No",98.2901216313996
"290",24,"Female",3.35373328061179,1.4817596005033,1.212663631828,"No",74.3,7.51160232848197,"Good",1,"High School","Good",7,"Yes",88.5664532165787
"291",17,"Male",3.78229942593386,0.980141153394996,1.64812380399176,"No",80.7,6.40212802677903,"Fair",2,"None","Poor",8,"No",89.7596738512244
"292",19,"Female",4.96873796354008,1.64436227993054,0.784207744460291,"No",89.2,7.80922265623316,"Poor",1,"Bachelor","Average",9,"No",100
"293",17,"Female",3.02192617986587,2.81939847869545,2.09182371974684,"Yes",91,8.10862583144583,"Good",4,"Master","Average",6,"Yes",88.9184539310458
"294",18,"Female",5.46231998963646,1.5490638953015,1.81769389139105,"No",94.6,7.11353906180206,"Fair",5,"Bachelor","Good",10,"Yes",100
"295",18,"Male",3.61334189120353,2.2393184634626,0.597358254688386,"No",100,8.13239902553748,"Fair",6,"High School","Average",9,"No",98.0560717138029
"296",20,"Female",0.866054657335864,3.60747983390876,3.87548415256676,"No",90.1,7.63597479752265,"Good",6,"High School","Average",4,"No",52.1930674132767
"297",22,"Female",3.84607948718314,2.08036092737079,2.99582988293471,"No",74.4,7.05459360690584,"Fair",6,"High School","Average",8,"No",94.4853337871407
"298",23,"Female",3.58889893003391,2.38594263465011,1.78213755718175,"No",82.4,5.49270437063047,"Good",2,"Master","Average",3,"No",81.0919246386296
"299",21,"Female",4.22937488769921,2.39427685120599,2.01774467302818,"No",88.1,7.6345426400678,"Poor",3,"High School","Average",4,"Yes",96.6199220681245
"300",24,"Female",3.28906220963478,3.27603235592872,1.4375438619321,"No",100,8.23242490325886,"Fair",3,"Bachelor","Average",10,"No",97.6231110377841
"301",17,"Female",3.41777226224408,2.12047268744655,3.00139620731424,"No",71,6.79927530151657,"Poor",6,"High School","Good",4,"Yes",82.0073973913576
"302",17,"Male",2.10984476886823,2.79190079512385,3.34899933558825,"Yes",97,7.5083645237448,"Good",3,"High School","Average",6,"No",67.5184671590128
"303",19,"Female",2.63708265717536,2.73986413738688,2.17400538478778,"No",86.8,7.29249632731953,"Fair",5,"High School","Poor",9,"No",89.0682959527689
"304",22,"Female",2.26260282231487,0.912293794544917,2.4282330428493,"No",93.4,8.124651074176,"Good",6,"None","Good",6,"No",83.2522892889605
"305",18,"Male",2.78099066342681,2.65022895542794,1.92016731314391,"No",84,7.48567268123425,"Good",0,"Bachelor","Average",1,"No",65.5995858476513
"306",21,"Female",3.40782362572209,2.97926020775262,0.893871338222248,"No",76.6,7.15059556014319,"Fair",2,"High School","Good",5,"Yes",95.0412052659054
"307",20,"Female",4.61707474501887,2.45753052656219,1.90948787261297,"No",92.5,8.21941979215907,"Fair",5,"Bachelor","Average",9,"No",100
"308",18,"Female",3.72983618298406,1.57350834605154,1.34986804120487,"Yes",91.5,9.21969727358636,"Fair",2,"None","Good",5,"No",89.5142281637131
"309",24,"Male",1.38597661343699,2.34063260118118,1.53640009016972,"No",94.7,8.02666940948639,"Fair",6,"Master","Good",6,"Yes",81.9470630201119
"310",22,"Male",3.55087115216102,2.69475065305329,1.91355873801455,"No",84.9,7.55406203277468,"Fair",5,"High School","Good",3,"Yes",88.4652656953
"311",24,"Other",4.09112163130545,3.38343783964856,2.23560260205998,"No",79,7.62796594762374,"Good",6,"Master","Average",8,"No",98.5999111011797
"312",23,"Female",2.57142834909108,3.98562862576885,1.5655115014587,"Yes",69.4,8.52650638643218,"Good",5,"Bachelor","Average",10,"No",85.127946250445
"313",20,"Male",2.88639844649737,1.92105893992165,2.1212448448573,"No",93.2,6.00783072150636,"Good",6,"Master","Average",4,"No",86.8076048495669
"314",23,"Female",2.43393215078015,0.861704904149119,1.46006787393213,"No",89.2,8.81511824535863,"Good",0,"High School","Good",4,"No",93.6135614223372
"315",19,"Female",2.20531651041008,1.73770377366863,1.25945349122607,"No",75.3,7.71825332312159,"Good",2,"Bachelor","Good",5,"Yes",73.4333183553844
"316",24,"Female",3.84867801763342,2.87234102713015,1.30676949708067,"No",79.6,6.78233699798739,"Fair",5,"High School","Poor",10,"No",99.5516750699983
"317",19,"Female",2.66675913793987,2.37483673745566,3.08390521613537,"Yes",80.3,9.38471008109334,"Good",0,"High School","Poor",9,"No",89.8573996900773
"318",17,"Male",3.53479878193225,2.78430604597689,0.616226262932559,"No",70.2,8.06753005247863,"Good",1,"High School","Average",8,"Yes",91.8986026329783
"319",23,"Male",2.26497840799019,0.930444586257495,2.7893068672519,"No",76.8,7.54977221393453,"Fair",6,"High School","Poor",7,"No",83.4847520031833
"320",22,"Male",1.51992188699999,2.8706676286348,3.9240123642294,"No",73.7,6.33487715321046,"Good",4,"Master","Average",5,"Yes",80.6568559279501
"321",24,"Female",3.75983222863138,1.96794093407764,2.297165056527,"No",80.9,8.21606958212882,"Fair",5,"None","Poor",9,"Yes",97.7811359457426
"322",21,"Male",2.1469590624402,3.59147058071849,1.13457647726138,"Yes",77.6,6.74690977403683,"Good",3,"Bachelor","Good",9,"Yes",85.5687324026982
"323",20,"Male",5.0333502803236,3.90115419331705,1.70926452956632,"No",68.7,6.46991005019311,"Good",0,"Bachelor","Good",10,"No",98.5227056735106
"324",18,"Male",2.50551154337813,1.37888073378289,1.8678072624523,"No",100,7.66422897006385,"Good",0,"Bachelor","Good",10,"No",86.8605425596476
"325",22,"Female",3.03053023413876,1.88801640497783,1.5295964520914,"No",97.5,8.61723224339201,"Fair",5,"Bachelor","Average",2,"No",93.6135614223372
"326",22,"Female",3.76829135097009,2.9254039457216,1.54409830409948,"No",77.2,8.40032130895466,"Good",0,"High School","Good",4,"No",89.5142281637131
"327",19,"Male",2.03791126779533,2.07666002586069,2.86291382701799,"No",87.7,7.16224948360643,"Fair",1,"Bachelor","Good",8,"No",67.5184671590128
"328",23,"Male",0.77165250985675,2.06130252507837,2.79048388935381,"No",89.2,8.22691099265481,"Fair",0,"High School","Poor",1,"No",45.583521033258
"329",24,"Female",1.43698529619159,2.70517282297682,1.61944244616101,"Yes",96.9,6.73872145275447,"Good",4,"Master","Good",5,"No",74.4815757822495
"330",24,"Male",4.97830116417657,0.0128760992370406,0.180404116799856,"No",76.8,7.9799781513947,"Fair",4,"Bachelor","Average",8,"No",100
"331",17,"Male",2.88086217066197,1.5336920489535,0.960122398949292,"No",95.9,8.01040354643814,"Good",6,"Master","Average",2,"No",75.8584752546655
"332",17,"Male",5.60070179872109,1.44184273400928,1.85649631333726,"No",79.5,8.55962357874674,"Fair",6,"None","Average",2,"Yes",100
"333",20,"Male",2.30526824589952,1.97360605585963,2.52235393769188,"No",71.6,8.35120036671294,"Fair",3,"High School","Poor",8,"No",87.385810119315
"334",19,"Male",3.58161649391877,3.3371643157317,1.27090520349741,"No",92.2,7.89222957170133,"Good",1,"High School","Good",10,"No",87.9551505680567
"335",22,"Female",4.08836581484169,1.60185091119373,3.05490753353314,"No",97.9,7.19602588661463,"Fair",4,"None","Average",9,"No",100
"336",24,"Male",4.90556765871622,2.71279946345824,3.67506489944105,"No",100,8.03353681968313,"Poor",5,"High School","Average",7,"Yes",100
"337",21,"Female",5.17002940748856,1.65743246113418,2.3106875017775,"No",73,7.73978448655155,"Good",2,"Bachelor","Poor",8,"Yes",100
"338",19,"Male",4.37804141115276,2.44358175693002,1.91924523007695,"No",92,6.7346222473295,"Fair",2,"High School","Good",5,"No",97.3449389705623
"339",20,"Female",3.64701690166562,2.70060999045291,2.00143854599658,"Yes",80.9,7.51920401005349,"Good",2,"Bachelor","Average",1,"Yes",85.5139194077534
"340",20,"Female",3.73387443571064,2.23371799523059,1.52262153006286,"No",92.8,8.14477342199276,"Fair",6,"Master","Good",4,"Yes",90.7255487740954
"341",19,"Male",3.52580861106054,2.95979718227772,2.82617052385654,"Yes",70.3,8.44244856608758,"Fair",5,"Bachelor","Good",2,"No",91.8523850821054
"342",20,"Female",1.96068254937501,3.59325437394427,2.15044798753035,"No",72.4,7.15094445274771,"Fair",0,"High School","Average",3,"No",69.764571948668
"343",19,"Male",1.81891280165141,1.66475599615069,2.1370139597651,"No",77.2,7.01947059419573,"Fair",5,"High School","Average",3,"No",77.595732956789
"344",18,"Other",3.20445512928504,1.55500000274058,2.10306504393612,"No",85.8,7.75218883343208,"Fair",0,"High School","Good",9,"No",93.9647299713981
"345",19,"Male",2.81681792839675,1.38867042256455,1.6125421526573,"No",78.6,7.61998561174541,"Fair",2,"High School","Poor",10,"Yes",92.4942543487256
"346",23,"Male",2.16271557477185,1.37810451143197,1.30774916637647,"No",91.6,8.02260392820492,"Fair",3,"Bachelor","Poor",4,"No",87.593854345978
"347",19,"Male",3.87761286128979,4.89458056540052,2.32938524589636,"Yes",95.3,7.9778573876835,"Poor",3,"High School","Good",2,"Yes",88.6673657714281
"348",20,"Other",4.18726003297102,2.88168391008525,1.8568377151768,"No",91,8.4919767608761,"Fair",0,"Master","Average",3,"No",90.2940110891231
"349",24,"Female",3.56235523072857,1.04278349262376,2.24344764600042,"No",100,6.89635655284464,"Poor",2,"Bachelor","Average",3,"No",87.9551505680567
"350",23,"Female",4.17359813346883,1.41096590745716,1.79921081912505,"No",89.2,7.20842030066124,"Poor",5,"Bachelor","Average",7,"No",100
"351",20,"Male",1.59011350860034,2.67791704240743,3.27655077512072,"No",72.8,7.07146758947283,"Good",3,"High School","Average",8,"No",77.117436406967
"352",17,"Female",2.35807008968949,2.57016425432145,1.34599310844313,"No",98.6,8.48830994214121,"Good",0,"High School","Good",6,"No",86.9661921254522
"353",17,"Male",2.81777043822307,1.9413065910599,2.61356434881677,"No",78.9,9.37408654247347,"Good",5,"Bachelor","Good",4,"Yes",71.9616343284297
"354",24,"Female",1.09258936891712,2.19341311623653,1.18175654894747,"No",94.1,6.87741800092064,"Fair",2,"High School","Good",6,"No",73.2811222516444
"355",24,"Male",3.09608120859882,2.01123954539394,2.39634151615489,"No",100,7.21764942388333,"Good",1,"High School","Good",1,"No",72.4327078417726
"356",23,"Male",3.04233362335548,2.18777085178959,1.89196705308485,"Yes",89.6,9.03044319577375,"Good",2,"High School","Average",10,"No",92.2205248735013
"357",18,"Male",4.29658366023933,2.07676337798372,1.68736520101442,"Yes",70,8.24064476446983,"Good",6,"High School","Average",8,"No",100
"358",24,"Male",3.16896961136212,0.636995815135523,2.42876466225184,"No",75.8,8.55349125980156,"Fair",2,"Bachelor","Average",1,"No",92.5850509644534
"359",17,"Female",1.03854895777344,2.64335885298556,4.00400457541109,"No",98.2,6.57396410458295,"Good",5,"High School","Average",5,"No",78.6663886575843
"360",19,"Male",4.96644512481462,0.955867106907044,0.884264788012247,"No",83.3,8.15634184934561,"Good",5,"Bachelor","Good",2,"Yes",100
"361",20,"Female",4.23691655190247,2.88062541587605,2.83685646993414,"Yes",85.8,6.24519213777408,"Good",4,"High School","Good",6,"No",92.1747064872658
"362",17,"Male",4.17648983180655,4.25245935028875,0.840994247065282,"No",92.6,6.24028335836452,"Poor",4,"Bachelor","Average",9,"Yes",93.9210150783772
"363",17,"Female",3.10203130499283,2.67636787515423,1.14314755313997,"No",92,7.27731895138929,"Fair",5,"Master","Poor",5,"No",85.6234646120647
"364",18,"Male",2.22938524953816,1.68435619615279,3.17024331428858,"No",87.8,7.21789594979855,"Fair",5,"Master","Poor",4,"No",79.0600580402704
"365",23,"Male",2.83827012197783,2.81415295033003,1.57175694416743,"No",82.9,7.39186517557757,"Fair",1,"High School","Average",2,"No",71.0821663783651
"366",23,"Female",4.07249178738953,2.81285750709057,1.27846747015646,"Yes",81.9,6.19342551801111,"Good",1,"None","Poor",3,"No",89.8085689173177
"367",22,"Male",5.24675086802891,2.30402591422865,1.74368926560132,"No",93.6,8.40699209961048,"Poor",2,"High School","Average",6,"Yes",98.0169195780382
"368",18,"Male",4.51765396384614,2.68659794178829,3.85453487955128,"No",90.5,8.50234154934019,"Poor",6,"Bachelor","Good",8,"No",99.7391353233587
"369",19,"Female",2.76685169979734,3.79742800151119,0.509976816284508,"Yes",82.4,6.27218395565672,"Fair",3,"Bachelor","Good",8,"No",87.2813492984435
"370",23,"Female",2.05344966691099,1.69139680390535,1.21525438993194,"Yes",95.8,8.05965343789376,"Poor",6,"Bachelor","Average",5,"No",87.2290084901551
"371",20,"Male",2.91159914265362,2.77147117290895,3.15383605007833,"Yes",83.7,7.26553554142934,"Fair",1,"High School","Average",5,"Yes",80.9060904026231
"372",24,"Male",1.58480852490737,1.5843587522503,3.24875947504506,"Yes",76.5,8.10535768680077,"Good",2,"Bachelor","Average",10,"No",62.0601663266683
"373",18,"Female",3.59932173144648,2.89480487833276,1.84136813626072,"No",77.4,7.31715573511382,"Fair",6,"High School","Good",3,"No",85.8959221609506
"374",24,"Male",2.27391676885583,2.25566171678682,1.56340865705368,"No",75.2,7.73016057317462,"Poor",0,"Bachelor","Good",7,"Yes",88.2620597308987
"375",17,"Male",1.81754566714787,2.01270841891057,3.96629256048112,"Yes",82.3,7.74767410654186,"Fair",4,"High School","Good",6,"No",79.3202047947338
"376",20,"Male",0.993002352160425,1.71729325540115,3.2440662622366,"Yes",97.3,9.30740480703932,"Fair",6,"Bachelor","Average",1,"Yes",74.4815757822495
"377",20,"Female",3.15039503560854,3.44907605089383,2.80654757457506,"No",76.9,6.54645308237101,"Poor",3,"None","Good",4,"No",84.4003188047553
"378",17,"Female",2.30371363797927,2.87957482526159,1.77023139392073,"No",86.9,7.8832445005165,"Good",2,"High School","Poor",6,"Yes",85.6234646120647
"379",18,"Male",2.14039300117194,1.43550304730224,1.78665781089012,"No",78.4,8.18320301288366,"Good",6,"Bachelor","Good",6,"No",83.19394552624
"380",17,"Male",0.665076569410012,2.12549548842447,1.89609587467881,"No",82.4,8.37282800189827,"Good",5,"High School","Average",3,"No",58.7162258965697
"381",24,"Male",3.60182964606528,1.27193256220796,1.6735763519521,"No",69.9,9.51192944547317,"Good",0,"Bachelor","Average",6,"No",85.5139194077534
"382",22,"Female",4.86284232085811,1.42778364107172,3.0685785956339,"No",82.8,7.25500939665722,"Poor",4,"Bachelor","Good",10,"No",100
"383",20,"Male",4.71776206918714,1.97784280077114,2.67062924421774,"Yes",83.1,8.39802533387983,"Good",0,"Bachelor","Average",6,"No",98.7922253442007
"384",21,"Male",2.51693372257813,1.96654045996543,1.52658428249308,"No",90.4,7.69948119602382,"Good",2,"High School","Poor",9,"Yes",87.2813492984435
"385",21,"Female",2.34594852837105,4.33898046316569,3.5419410597218,"No",87.2,8.0187052335453,"Good",1,"High School","Poor",9,"No",80.9060904026231
"386",24,"Male",3.68011006909737,2.06306546995078,2.12986211984328,"No",73,8.15703565369781,"Poor",4,"Bachelor","Poor",2,"No",83.5426410208809
"387",19,"Female",1.59592241762885,1.63381578481047,3.06562411478727,"No",95.8,7.05326323207025,"Good",0,"High School","Poor",4,"No",70.5114623223994
"388",23,"Male",3.40465298296191,1.1711353061604,2.66251081362481,"No",87.1,9.63530870643748,"Good",1,"Bachelor","Poor",9,"Yes",93.0357336480087
"389",17,"Male",3.62831324184598,2.78643354794641,1.2526131970747,"No",87,7.71674938940641,"Good",3,"High School","Average",4,"Yes",88.4145683531832
"390",17,"Male",4.1094317964192,3.63973157988802,1.82904012813235,"No",84.9,7.04372401962569,"Poor",2,"High School","Average",8,"No",91.5272415649523
"391",19,"Female",2.8888236048948,0.313025045206904,1.45659897942044,"Yes",79.8,7.96405865986548,"Good",2,"High School","Good",10,"No",88.3129655611223
"392",19,"Female",2.4377905388707,0.690827225450167,1.26884278415318,"Yes",87.2,8.2266748705023,"Good",4,"None","Average",3,"No",88.1089222053003
"393",24,"Female",1.81942338946413,3.5812207267164,2.32877160053698,"No",89.8,8.91538216944716,"Good",0,"High School","Poor",3,"No",70.5114623223994
"394",24,"Male",2.19905205601399,2.51395320932538,4.11991418516712,"No",67.5,7.68455753230611,"Fair",3,"Bachelor","Average",9,"No",75.5728138665887
"395",19,"Female",3.26029929218858,1.19630271127294,0.44212682671213,"No",79.6,8.74956731680582,"Good",5,"Bachelor","Good",10,"No",96.9035574691418
"396",20,"Male",3.6311968312335,2.47890621795398,2.19217169113865,"No",82.5,6.37194452801626,"Fair",4,"High School","Good",8,"No",90.6778470368583
"397",24,"Male",4.17436442979154,0.643373211620232,2.44658067806943,"Yes",87.6,7.18395705857232,"Fair",5,"Master","Average",1,"No",98.9453628697991
"398",22,"Female",2.39989465280427,2.1056512189925,2.59453571047292,"Yes",96.9,7.15908304707201,"Fair",4,"Bachelor","Good",10,"Yes",87.7491261986668
"399",24,"Male",4.48855078991501,2.6525123400145,1.90843153220984,"No",77.3,7.35978573867838,"Good",0,"Master","Good",2,"Yes",86.2740353640192
"400",17,"Male",3.28769019736317,3.0817036069718,0.917534907600426,"No",80,7.36437408228577,"Poor",3,"Bachelor","Good",3,"Yes",80.7816822550034
"401",24,"Male",2.80704637892275,1.32236315384172,2.38450150368949,"No",79.9,8.44557430349609,"Fair",0,"Bachelor","Good",2,"No",81.2768335551049
"402",20,"Male",2.20248821409786,1.81350388011013,1.460870950365,"No",77,7.7340696976952,"Good",2,"None","Good",3,"Yes",72.9748458983813
"403",19,"Male",0.812440941064423,1.25082022786992,0.725946242218641,"No",81.5,8.14628667302627,"Good",5,"High School","Good",8,"Yes",74.3336242027526
"404",17,"Female",3.5511257701207,2.69340042865014,3.05664338353019,"No",92.7,7.82999212911716,"Fair",1,"None","Good",6,"No",89.2671494256868
"405",24,"Male",3.33425129785084,2.13495810989792,3.27498063081158,"Yes",74.5,6.67997042457804,"Good",6,"Bachelor","Average",7,"Yes",94.2259441597813
"406",20,"Female",2.81301878538495,2.25410206878712,2.4058643796717,"No",89.3,7.22158672106245,"Good",2,"High School","Good",10,"Yes",84.2303606255648
"407",22,"Female",2.77935608825324,1.77345052798567,2.04624753586108,"No",68,8.00247037894888,"Poor",2,"Bachelor","Good",10,"Yes",92.8110759916821
"408",24,"Male",3.43895900433317,3.02639858562197,2.85158902319817,"No",79.4,7.54453100390901,"Fair",5,"High School","Poor",6,"Yes",85.2938547795631
"409",20,"Male",0.92501678177288,3.18820270878728,2.69577110316655,"No",81.7,7.7589741962553,"Poor",4,"Bachelor","Good",1,"No",60.2637747044199
"410",22,"Male",2.45298651308953,1.63902103016464,2.73487469800551,"No",100,8.01861622033826,"Fair",2,"High School","Average",3,"No",76.4232891437067
"411",19,"Female",3.51929834173313,2.31548009454709,1.97194781210286,"No",82.3,7.54210058559619,"Fair",6,"High School","Average",1,"No",90.7731893160147
"412",24,"Male",2.06223065985318,1.07906587624434,3.03964240050888,"Yes",63,8.56854096067442,"Good",3,"High School","Good",10,"No",79.8989562072589
"413",22,"Female",3.39805472208474,2.27557780709374,2.07665944131441,"No",65,6.58771602584124,"Good",2,"High School","Average",9,"No",88.6673657714281
"414",17,"Male",2.14875392249537,2.01240033025123,1.48721902019683,"Yes",85.3,7.09404251595551,"Poor",3,"High School","Average",9,"No",81.2152994940779
"415",19,"Female",3.27784634532058,3.90280089596866,0.751966727551109,"No",91.1,10.4661738019064,"Poor",0,"Bachelor","Poor",5,"Yes",91.104972737178
"416",17,"Male",3.23998491067195,1.15685684232381,2.19957586651607,"Yes",88.8,6.73557626692459,"Fair",4,"None","Average",4,"Yes",85.841590333654
"417",21,"Male",0.416601889952041,4.23612276090343,2.12518881868505,"No",86.7,6.42817219348641,"Fair",3,"High School","Average",9,"No",74.1850808153626
"418",18,"Female",4.00904778776866,2.57012579433649,1.46875054893703,"No",96.6,8.87084303594508,"Fair",2,"Bachelor","Average",9,"Yes",100
"419",24,"Female",2.6910796904599,2.69219103371691,1.43545283856441,"No",79.6,5.30393475915838,"Good",4,"None","Average",3,"Yes",77.595732956789
"420",22,"Male",2.28643866364899,3.80674731514017,1.30844232880389,"No",93.9,7.29138089659051,"Good",6,"Master","Good",5,"No",80.2166296357513
"421",18,"Female",3.01246066628478,3.03380496572764,3.51062693599994,"Yes",68.7,9.34863223394153,"Fair",4,"Master","Good",3,"No",87.1765938063189
"422",18,"Female",4.32962775738517,2.4626409583649,2.71568525395558,"No",76,6.62284606143027,"Good",3,"None","Poor",10,"Yes",94.8710524031255
"423",22,"Female",2.359777684478,2.14195551708629,3.43671588391063,"No",66.9,5.67626982468803,"Fair",3,"High School","Good",2,"Yes",54.6653642045864
"424",19,"Female",3.03372724098124,3.54851386034099,1.25695360215489,"No",82.3,6.52466480099997,"Good",1,"High School","Poor",1,"No",76.5631604854576
"425",24,"Male",3.10973696526373,3.1774519812438,2.28868019455323,"Yes",84.5,8.48535355287657,"Fair",1,"Bachelor","Poor",10,"No",88.3129655611223
"426",21,"Male",3.38866230875801,1.76761446397188,1.32946749545902,"No",86.1,8.82716534860204,"Poor",4,"Bachelor","Poor",2,"Yes",87.3336164391378
"427",17,"Male",3.03689436673281,0.893677908013122,1.25594608251722,"No",85.6,7.79472651423516,"Good",5,"Bachelor","Good",8,"No",92.1288315001682
"428",20,"Female",2.96120139384733,2.02607615650954,1.14524154920012,"Yes",75.7,7.94247672549225,"Fair",5,"Bachelor","Good",8,"No",89.3661782772585
"429",17,"Female",2.25320517967974,1.77633333180377,3.08696154131746,"No",83.1,8.75126873789124,"Good",1,"High School","Average",3,"No",76.0004861249838
"430",20,"Male",3.13292248357454,2.0280945327735,2.03814046540809,"No",70,8.76912772785297,"Fair",2,"Bachelor","Average",7,"No",85.4590253883965
"431",17,"Male",2.90975398129003,3.1685442609836,2.38553029807774,"No",98.6,6.82990075136356,"Poor",0,"Bachelor","Average",7,"Yes",61.7494047028722
"432",22,"Female",0.454364338360733,2.17525309829949,2.92682848598448,"No",82,5.49451703233059,"Poor",4,"Bachelor","Average",2,"No",55.165517183424
"433",21,"Other",3.49048904285617,2.10370556696257,3.6687344688472,"No",80.1,7.20219422868091,"Fair",0,"Master","Good",9,"No",87.1241050380993
"434",24,"Female",3.86857588538941,1.70184718110731,1.07425923885081,"No",100,7.83810023285212,"Good",1,"Bachelor","Average",3,"Yes",95.7973901627121
"435",20,"Male",0.159046922466985,3.25236031881996,3.37358789386771,"No",72.6,7.4225481212666,"Fair",3,"High School","Good",2,"No",50.2599129057846
"436",24,"Male",2.28474218050016,0.573836148827428,2.50985380484216,"No",73.7,7.43217781300006,"Good",6,"High School","Average",3,"Yes",79.9627086646898
"437",24,"Male",3.75944150791122,1.32014808397084,1.04620829343179,"No",74,9.00717270024928,"Good",4,"High School","Good",2,"Yes",90.9631426577137
"438",24,"Female",5.20221036764885,2.40371712718433,2.37672283620722,"No",84.3,8.94561754097907,"Good",1,"None","Good",8,"No",100
"439",23,"Male",3.39925028116208,2.55089413661911,1.88884538324075,"No",89.3,7.61955478909199,"Fair",2,"Master","Average",5,"Yes",85.016927341653
"440",19,"Female",2.51748349730858,2.24181212128925,2.20041690357505,"No",92.4,7.8432990789893,"Good",6,"High School","Good",3,"No",83.3105415320156
"441",17,"Male",2.31648432147311,0.825678340058945,1.56170562559171,"No",100,8.11844154481383,"Fair",4,"Bachelor","Good",5,"No",89.8573996900773
"442",24,"Female",4.06796793947672,2.69480154117501,1.73748771093596,"No",62.5,7.81213920120411,"Fair",4,"Bachelor","Average",8,"No",92.9460336108383
"443",17,"Female",2.50507512823529,1.83497192378333,3.464028463437,"No",91.1,8.09458535332658,"Poor",5,"None","Average",7,"No",84.0025329334814
"444",24,"Female",1.72733884574935,1.76552449648705,2.44764871920764,"Yes",79.4,7.75329776539851,"Fair",3,"Master","Good",6,"No",85.016927341653
"445",20,"Male",2.84220816195634,1.65465817074729,2.27842566406082,"No",79.1,9.34387075763653,"Poor",4,"Master","Average",1,"Yes",83.9453569447687
"446",19,"Male",2.1321418628975,1.85693822414538,1.3729317093549,"No",78.8,6.65195515389167,"Good",3,"Bachelor","Poor",10,"No",82.9008437889619
"447",19,"Male",3.179376917779,2.180958376943,1.32172649282899,"Yes",75.9,7.31152037052697,"Fair",1,"High School","Average",1,"No",78.6663886575843
"448",22,"Female",4.33599664038672,0.493363571875832,3.10149914305321,"No",100,7.48783408705849,"Fair",2,"High School","Good",1,"Yes",97.543845698548
"449",23,"Female",3.40259002068455,3.5206419310215,1.07751085050104,"No",93.4,7.64064604388272,"Good",6,"High School","Good",10,"Yes",96.8631705186326
"450",22,"Female",2.16668455307652,3.91628144351597,2.30530765181311,"No",85.2,8.42109161314421,"Fair",6,"High School","Good",8,"Yes",88.8182222984488
"451",22,"Female",3.17663762499202,2.36861115918212,2.03951260506364,"No",98.5,7.52808850688348,"Fair",2,"Bachelor","Average",8,"No",82.6646852994004
"452",22,"Female",1.3117293879653,1.4020064205056,2.12388517936654,"No",69.9,6.45772006243393,"Poor",4,"Master","Poor",7,"No",80.1533119779004
"453",22,"Male",4.03649983845918,1.69625282219544,1.60376798992989,"Yes",71.7,8.44927705924156,"Good",4,"Bachelor","Good",6,"No",95.7973901627121
"454",22,"Female",2.96908185646355,2.41107475397203,2.62269549439349,"No",63.2,7.8816534355295,"Poor",1,"Master","Good",4,"No",83.0769822883439
"455",21,"Male",2.93264561366154,2.95027087454869,2.61259678579174,"Yes",78,5.96982290147782,"Fair",5,"Bachelor","Poor",1,"No",71.7238375884558
"456",19,"Male",5.8870860028704,2.58757207215272,2.79284657232143,"Yes",86.6,7.9636113798542,"Fair",5,"High School","Average",9,"No",100
"457",22,"Female",3.30894773278313,1.26187983549519,1.0459532941776,"Yes",86,7.05354511568469,"Good",5,"Master","Poor",1,"No",86.0584423211419
"458",24,"Male",2.14885651268222,2.27522681673434,1.93845576585574,"No",86.5,7.41119799788525,"Good",3,"High School","Good",4,"No",80.3429419933561
"459",19,"Male",2.60826054175431,2.66520949098453,2.61737662121896,"No",70.9,7.06930996651902,"Good",5,"Master","Good",3,"No",80.4059374237856
"460",19,"Female",3.52787217685486,3.41782050741471,3.07764709792031,"Yes",93,8.64955955249936,"Poor",2,"High School","Good",7,"No",90.7255487740954
"461",18,"Male",3.26495221347527,2.5757178327817,1.15777898392775,"Yes",87.4,7.82246973385745,"Fair",6,"High School","Good",5,"No",87.9551505680567
"462",21,"Female",1.39207353361379,2.77435882153161,2.08506565053435,"No",92.3,6.9907281582341,"Fair",6,"Master","Poor",5,"No",74.0359408665835
"463",22,"Male",4.51179992137199,1.81587456011237,0.600679868858551,"Yes",66.1,8.27463460994129,"Poor",3,"Bachelor","Good",4,"No",92.1288315001682
"464",17,"Male",2.25382635058528,2.87587125228385,1.79186389473648,"Yes",88.1,7.00796491360253,"Fair",1,"Master","Good",1,"No",69.9318505978813
"465",20,"Male",4.5884346054439,2.75640717261443,3.64259592821295,"Yes",73.1,7.82190676233132,"Fair",2,"Master","Average",5,"No",94.0955667385618
"466",23,"Male",3.41476580716567,2.44212557691106,1.97833256745843,"No",81,6.65482046180213,"Fair",6,"None","Good",4,"No",93.1698787571496
"467",24,"Female",2.06913614440643,3.4672840614143,1.28265699579005,"No",90.3,7.99304079200845,"Good",2,"Bachelor","Average",10,"No",80.8439384260519
"468",17,"Male",4.076931376311,3.39816310947727,2.90071252243911,"No",85.9,7.84214921806436,"Fair",6,"High School","Good",8,"No",99.2876307058636
"469",21,"Female",3.05531008919663,1.92928817824167,1.13094805579059,"No",76.5,7.92259635054053,"Good",0,"Bachelor","Good",2,"Yes",85.016927341653
"470",20,"Male",3.26995181647367,1.76507736915485,1.75809346666189,"No",85.1,9.18231046083951,"Fair",1,"Bachelor","Good",8,"Yes",98.5227056735106
"471",21,"Female",3.28548644003305,2.71634897561267,3.02361902270219,"No",69.7,7.06848124360506,"Fair",1,"High School","Good",1,"No",81.2768335551049
"472",24,"Female",1.91669627911417,1.68701966002917,0.903307804750417,"No",96.5,9.51552956786676,"Fair",0,"Bachelor","Poor",4,"No",59.7184521691973
"473",19,"Female",2.68538697700705,1.86728382765204,1.46377578297826,"No",82.9,7.44677472569396,"Poor",3,"Bachelor","Average",3,"No",78.5342326557153
"474",20,"Male",4.01345375393398,3.07567542737872,3.11923197175833,"No",96.2,7.10725801136952,"Poor",6,"High School","Average",5,"No",91.9908655309535
"475",19,"Male",3.24590250268654,2.77251650857798,1.74711189203228,"Yes",79.7,8.33643293700439,"Fair",6,"Bachelor","Good",5,"No",76.1419560001994
"476",24,"Male",1.81205167099871,3.83650240383534,2.96586294790513,"No",79.8,7.54220552975648,"Good",6,"Bachelor","Good",5,"Yes",75.7872656502322
"477",17,"Female",2.18015020340067,2.47968101213979,1.64305402071647,"No",77.4,6.0345439810925,"Good",5,"Master","Good",4,"Yes",65.8798573465572
"478",24,"Male",3.4046949203621,3.49495332539669,2.57577263618243,"No",93.8,7.31637691118594,"Poor",5,"High School","Poor",8,"No",93.5252479506733
"479",17,"Female",5.03752724737073,1.00570799750476,1.45731503993097,"No",77.9,8.94697837350475,"Good",5,"High School","Good",3,"Yes",99.1359009857635
"480",20,"Female",1.96048270723332,2.52556004452729,2.34637110483109,"No",91.4,7.27214352063946,"Good",5,"Bachelor","Good",4,"No",68.9166858626743
"481",20,"Male",3.43519301080973,3.37785362985202,1.27348206325554,"Yes",81.2,6.56855878811059,"Good",5,"None","Good",1,"No",78.4016046671238
"482",22,"Female",4.28259780225646,2.10735042393507,2.02096106562115,"No",65.2,8.80870360432394,"Good",0,"Master","Poor",7,"No",93.7895607912618
"483",21,"Male",2.58091296496863,1.21761622666744,1.4037235020764,"No",79.3,8.21147831463918,"Fair",1,"None","Poor",1,"No",85.127946250445
"484",22,"Male",3.89807370039159,2.53830651132501,1.89044303287003,"No",73.2,6.65348942547144,"Fair",3,"Bachelor","Poor",2,"No",89.8085689173177
"485",21,"Female",1.90702785858135,1.66021393070917,1.37710609961438,"No",85.3,6.424872643615,"Fair",2,"Bachelor","Good",7,"Yes",79.0600580402704
"486",22,"Female",3.43587191393136,1.67320196441223,1.45501507591493,"No",73.1,6.62768707634095,"Fair",5,"High School","Good",1,"No",90.5343730760384
"487",19,"Female",3.23892670453886,1.72130894530103,2.01992265756339,"No",94.3,8.78552268170411,"Fair",0,"None","Good",3,"No",86.4349127159824
"488",20,"Male",4.14999936761009,1.08722050510294,2.20072742031622,"No",84.1,7.64818744200979,"Fair",6,"Bachelor","Average",6,"Yes",97.9384912546255
"489",17,"Male",3.93002572167012,1.96430001828902,2.47804653141913,"Yes",83.2,7.68120913469162,"Good",3,"Bachelor","Average",6,"Yes",97.464410807655
"490",21,"Female",5.71664264501144,2.85824357144852,1.71472155156479,"No",91.6,8.00941718309615,"Good",3,"High School","Good",6,"Yes",100
"491",24,"Female",3.27372097855631,1.40580001195216,2.54585365392112,"No",94.6,7.03037141329961,"Good",3,"Master","Good",2,"Yes",83.19394552624
"492",21,"Female",3.15353093823759,3.4603011625161,2.20563008464719,"No",84.8,9.36337370079706,"Good",0,"High School","Good",2,"No",76.4232891437067
"493",17,"Male",3.39076730108349,2.96932580421656,2.26227631209351,"No",77.3,8.36857866617215,"Good",2,"High School","Good",6,"No",85.5687324026982
"494",22,"Female",2.73330998406071,3.14098225535757,1.40215969329354,"No",67.3,7.24022612465358,"Poor",5,"Bachelor","Average",10,"No",88.7680048501838
"495",21,"Male",3.2443637516117,2.09684311313931,2.30024431683055,"No",78.1,6.89783778054628,"Fair",3,"High School","Good",5,"No",84.8497741832231
"496",23,"Male",2.57493606116614,2.57333794204769,2.29304531423138,"No",78.8,6.18189954602453,"Fair",0,"Master","Good",7,"No",74.1850808153626
"497",19,"Female",2.66851411332231,2.27514000499972,2.38196078759129,"No",86.1,6.20512410616512,"Good",6,"High School","Average",7,"No",88.7680048501838
"498",20,"Male",4.15399495088676,2.71922185936503,0.713966175566847,"No",81.5,6.89452458079817,"Fair",1,"None","Average",5,"No",91.8523850821054
"499",17,"Female",2.06141882253043,2.24237122749303,1.83801936216446,"No",91.9,8.06062365532988,"Good",6,"High School","Average",8,"No",87.6456837993779
"500",20,"Male",4.412417668886,2.87529819015981,3.44239706804525,"Yes",78.9,7.53709085675461,"Poor",0,"Bachelor","Poor",10,"No",93.2144863268772
"501",23,"Male",4.76788561966102,0.965121591699379,1.39338112670265,"No",84.4,6.67286041177331,"Fair",0,"Bachelor","Good",6,"No",93.7456390861619
"502",21,"Female",2.22394089590842,1.87441869874871,2.19654964377476,"No",96.8,7.17576610755842,"Good",0,"Bachelor","Poor",5,"No",89.2671494256868
"503",21,"Female",0.571184122905693,2.94992641687339,2.33914996997941,"No",88.4,8.11429512379292,"Poor",3,"None","Average",4,"Yes",59.9375430544334
"504",24,"Female",2.5016429515779,1.7343448428949,2.61346042611194,"Yes",84.4,7.44138627059277,"Fair",0,"High School","Average",7,"No",82.8419448117729
"505",23,"Female",3.90621380765299,2.82299910350695,3.53255502203563,"No",79,5.92032443135621,"Fair",1,"Bachelor","Good",4,"No",90.7255487740954
"506",17,"Female",3.06187418935221,0.81521894763401,1.00945352968889,"No",78.7,7.80372195482194,"Fair",3,"None","Average",5,"Yes",88.2620597308987
"507",24,"Female",2.50337232302844,2.52913094239241,2.22438061415859,"No",76.5,6.54995909512075,"Good",6,"Master","Good",5,"No",76.5631604854576
"508",19,"Female",2.80725037146837,0.861927110259933,2.20801354677769,"No",79.6,8.44522900065959,"Fair",1,"None","Poor",1,"No",79.3202047947338
"509",24,"Male",3.8762992229993,2.67863357226876,1.55899934499136,"No",92.6,8.52460116563576,"Fair",4,"Bachelor","Poor",1,"Yes",90.1005950407841
"510",18,"Female",3.45760466629117,2.92478722338455,2.12863101553623,"No",82.8,7.21260163241207,"Poor",6,"High School","Average",3,"No",83.7732988887158
"511",17,"Male",2.49653508537771,1.57851301338449,2.76623326615342,"Yes",71.5,7.32654022139011,"Good",0,"Bachelor","Average",3,"Yes",75.0675571292623
"512",18,"Other",2.81521168447515,2.06571810618291,2.19567770910608,"No",100,7.81583689361429,"Fair",5,"High School","Average",2,"No",82.8419448117729
"513",23,"Female",2.56326365311044,2.87170042295466,1.04828856531819,"No",88.2,5.95185379258752,"Good",5,"None","Poor",2,"Yes",82.0073973913576
"514",22,"Male",1.21881402624685,1.99887066686843,3.20691002826392,"Yes",70.9,8.0137828980323,"Good",3,"High School","Good",6,"No",82.5460404785663
"515",18,"Female",4.93279545990797,1.11196882046597,1.95846901638515,"No",80.6,7.23187550944129,"Fair",5,"High School","Good",1,"Yes",94.8710524031255
"516",19,"Female",2.81451999702351,0.259066392781317,2.08639952387021,"No",86.1,8.79006036112376,"Good",6,"High School","Poor",6,"Yes",92.8561163820827
"517",24,"Male",4.26706182836775,2.36223491607504,2.14871156873962,"No",100,6.52704736346458,"Good",3,"Bachelor","Poor",5,"Yes",92.1288315001682
"518",22,"Female",4.44773972392133,1.15308802282514,2.12014290414008,"No",73.9,7.01790371858266,"Fair",6,"Bachelor","Good",6,"No",100
"519",24,"Female",4.66153726310102,2.05607869634278,2.62820072305099,"No",94.8,6.03447241146589,"Poor",0,"Bachelor","Good",5,"No",91.5272415649523
"520",18,"Male",2.40540773025455,2.11454358663856,2.26868419026089,"Yes",99,6.81297216836005,"Good",2,"Bachelor","Average",7,"No",87.385810119315
"521",24,"Female",4.13428637978957,2.90019552373623,0.796651489161533,"Yes",78.7,6.12346347854986,"Good",2,"Bachelor","Good",1,"No",82.6646852994004
"522",23,"Male",3.05925407054787,2.03952355782416,1.73624341961667,"No",82.2,8.33922588576787,"Fair",1,"High School","Good",3,"No",83.5426410208809
"523",22,"Female",2.22033106269897,2.19491077995567,2.38552429995633,"No",74.6,6.62342146443593,"Fair",0,"High School","Good",6,"Yes",69.5965363799128
"524",23,"Other",3.68176553068476,2.14824402101002,2.56747372898221,"No",83,7.93483942910339,"Good",5,"High School","Average",1,"No",82.0676338965891
"525",18,"Female",1.4347275309802,2.37659809048592,2.36742878930768,"No",84.6,7.79988914552701,"Good",0,"Bachelor","Average",7,"Yes",65.8798573465572
"526",23,"Male",4.48145715797888,1.74551780747956,1.01585845909515,"No",91.6,7.05551523574193,"Good",4,"High School","Poor",4,"No",93.5694309390297
"527",19,"Female",2.33913492142214,2.81103763602558,4.10066361835874,"No",95.9,7.26766633462756,"Fair",2,"None","Good",3,"No",66.6170686002327
"528",18,"Female",2.87231369414711,1.08250858914294,2.15719824544142,"No",77.5,8.22201034912209,"Good",5,"Bachelor","Good",10,"No",92.5396804061733
"529",18,"Male",3.15749257911382,2.9270188796478,3.10623241800862,"No",65.3,6.42586207987442,"Fair",6,"High School","Average",9,"Yes",90.2940110891231
"530",18,"Female",3.43223644387996,1.95316612715106,1.24969512539669,"No",84.8,8.37566396154999,"Fair",6,"Master","Good",1,"No",84.4003188047553
"531",17,"Male",3.64623757208387,1.32828809943784,2.78108338195446,"No",87.9,6.74741300336899,"Good",2,"Master","Good",8,"Yes",92.1288315001682
"532",24,"Female",2.283863196342,2.48106032967203,2.73723883539705,"No",87.5,7.18620677752047,"Good",0,"None","Good",1,"Yes",72.276346358839
"533",17,"Male",3.75552628230741,2.43808057298467,2.82839326489861,"Yes",81.7,8.31364256445326,"Fair",5,"High School","Good",5,"Yes",93.0805025471414
"534",17,"Male",1.464507286305,2.72802731947602,3.31944939253641,"No",86.2,6.57101412244519,"Fair",1,"High School","Good",10,"No",77.25472232056
"535",19,"Male",3.01620318276673,2.84869489281922,2.86724886203079,"No",100,7.61101331192445,"Good",6,"Bachelor","Average",8,"No",92.8561163820827
"536",22,"Female",4.27178304961253,3.90133770115267,2.6058680409124,"Yes",88.8,7.47602481395859,"Fair",0,"High School","Good",6,"No",93.9647299713981
"537",24,"Male",1.824123531152,3.27154843144734,1.86355851325453,"No",81.3,7.6500378232878,"Good",1,"Bachelor","Good",7,"Yes",66.3423265529947
"538",23,"Female",2.07574996174639,1.01701198673282,2.33623297276245,"Yes",80,5.74740337740586,"Good",5,"Bachelor","Average",8,"No",80.3429419933561
"539",21,"Male",3.08902026940522,2.46603300216849,2.75428505381274,"No",83.3,6.69961193029791,"Poor",2,"High School","Poor",6,"No",85.4040501047325
"540",18,"Male",3.2874812144511,3.51526249511233,2.05426989676286,"No",100,7.92871635100388,"Good",4,"None","Good",6,"Yes",92.1747064872658
"541",23,"Female",3.48373187497511,2.60567018628181,3.10614490865986,"No",83.2,8.20626644155756,"Good",3,"Bachelor","Average",6,"Yes",89.1678557907743
"542",18,"Female",3.10429117213645,3.05199003631952,3.20176285329272,"Yes",84.8,7.22716970853235,"Good",2,"High School","Good",5,"No",85.3489933157997
"543",19,"Male",3.84886108754825,3.50749267715161,1.09360083878044,"No",80.2,7.70887636561922,"Good",1,"Bachelor","Poor",8,"No",87.9037515324008
"544",18,"Female",3.73906372595474,3.18551613871722,1.50215471259188,"No",96,8.1988016635304,"Good",0,"High School","Poor",2,"No",90.3422081073524
"545",17,"Female",3.23690870263138,2.25774434040277,2.02827637041833,"No",100,8.28573772353996,"Poor",6,"Bachelor","Average",7,"No",95.2105820581992
"546",24,"Female",2.93777349060331,2.82765297076013,2.19802050214195,"No",89.5,5.66900596120434,"Fair",5,"Master","Average",4,"Yes",77.18614280461
"547",21,"Male",3.80019569772775,2.40558855521641,1.54278908909937,"Yes",85.8,6.97313722701563,"Good",2,"Master","Good",1,"Yes",82.7829522698469
"548",20,"Male",4.55007325944289,1.93745243657276,2.94937676593059,"No",85.4,7.98299837134681,"Fair",6,"High School","Good",5,"No",98.3289869382783
"549",18,"Female",3.37107602919831,1.97525520678274,2.34271228068938,"No",61.2,7.98210606906195,"Poor",6,"High School","Poor",3,"No",85.183331491633
"550",23,"Male",1.78005724984023,3.67242281183588,2.33239951715101,"No",92.5,9.68302238095493,"Good",4,"Bachelor","Average",4,"No",75.3571164702484
"551",17,"Female",3.92936171073987,2.13190856293598,1.69152669532105,"Yes",86.3,6.94428432748827,"Good",5,"High School","Average",7,"No",99.2118433380636
"552",20,"Female",2.79194803574005,3.42825136473445,1.29231556309013,"Yes",89.3,6.45722048968393,"Poor",1,"High School","Average",5,"No",85.127946250445
"553",21,"Female",0.809048531454043,2.7475057763041,2.54744193650048,"Yes",77.9,7.93153173409301,"Good",5,"Master","Good",4,"Yes",57.1013715925737
"554",20,"Female",3.71009297020692,1.70140906760101,1.51653628774085,"No",81.2,7.90701554965723,"Good",5,"High School","Average",1,"No",95.2528058232176
"555",17,"Other",2.51899975472181,2.39350296485189,2.64514010813554,"No",80.9,7.5921380015411,"Fair",0,"None","Poor",6,"No",76.7025069804146
"556",24,"Male",2.70902206397668,0.657653511721123,2.04881508894169,"No",95.2,6.64512606911076,"Good",3,"None","Average",10,"Yes",93.2590403782119
"557",24,"Female",3.30465273858732,2.90369983170311,4.70578942228911,"No",81.2,8.19747268014061,"Fair",6,"Bachelor","Poor",6,"No",91.2462631955049
"558",22,"Male",3.07326296966506,2.26749917219436,3.54127608261343,"No",100,8.95381552773468,"Poor",1,"Bachelor","Poor",7,"Yes",86.7015024992942
"559",24,"Male",2.9889555848621,1.68795482223049,2.31780558584731,"No",89.3,6.94266135653086,"Fair",0,"High School","Average",1,"Yes",81.0919246386296
"560",22,"Female",2.18693272476983,2.64110098994682,2.32165656638009,"No",72.2,7.97747849910246,"Fair",6,"High School","Good",4,"No",86.9134049135319
"561",20,"Female",3.71124256034655,3.7554762164042,2.48728133768686,"Yes",83.7,8.39367196069918,"Fair",3,"High School","Good",9,"No",91.6204305657564
"562",19,"Other",2.769383331568,1.29002950287095,3.17377150052908,"No",78.5,8.92536720874143,"Good",0,"Bachelor","Good",10,"Yes",84.9055755420817
"563",23,"Female",3.4735751688215,1.25547234761885,0.824618671802818,"No",63.1,7.95922919153624,"Good",3,"None","Average",6,"No",96.7822646100884
"564",23,"Male",3.72564657233972,3.50611212969031,0.768260969939573,"Yes",100,7.09242335358066,"Fair",3,"Master","Average",2,"No",86.8076048495669
"565",20,"Male",1.32687817474736,4.27818201657314,2.2332632518703,"No",92,8.49968365074829,"Good",3,"High School","Average",4,"No",81.9470630201119
"566",18,"Female",3.79618472605295,2.03394559840721,2.47639120550915,"No",90.3,6.97395991867923,"Poor",0,"Master","Good",6,"No",91.3870181233304
"567",18,"Male",2.90690631789817,2.80550480891973,1.95590882540841,"No",86.7,7.97809307717969,"Poor",5,"High School","Good",4,"Yes",83.3687025420764
"568",24,"Male",3.02017645686223,3.80315049274371,3.43414451964595,"No",71.2,6.57944497227355,"Good",3,"Bachelor","Poor",10,"Yes",97.3449389705623
"569",23,"Male",3.70824061503508,1.54769369743521,1.03660312281729,"No",80.2,8.23365006061176,"Poor",5,"High School","Poor",7,"Yes",96.0047374201641
"570",23,"Male",5.63669862330254,1.48450013426174,0.104870915454436,"No",93.4,7.39276325409266,"Fair",6,"None","Good",3,"Yes",100
"571",22,"Male",2.68055302697679,3.45613053886971,2.60165197653988,"No",74.5,8.50043759312383,"Good",6,"Master","Good",6,"Yes",82.1277728527817
"572",19,"Male",2.66908429466387,3.23347581938796,1.56881482012471,"No",59.7,8.23544514375039,"Fair",1,"Master","Good",4,"Yes",75.3571164702484
"573",17,"Male",3.61772335800544,2.47718460134279,0.315897307532985,"No",82.7,6.41110099832964,"Good",4,"High School","Good",3,"No",81.2768335551049
"574",18,"Male",2.62489341365435,0.955443158559942,1.67893169615042,"No",83.6,9.82806229116381,"Fair",5,"Bachelor","Good",3,"No",85.2386342529078
"575",23,"Other",4.28233692607242,3.58008205454884,2.4740155328409,"No",86.4,8.82647987101014,"Poor",6,"Bachelor","Average",2,"No",95.9219373918082
"576",22,"Male",0.934501320609992,2.46795356053648,2.50451563256148,"No",92.3,8.10557375197992,"Fair",4,"Master","Good",3,"Yes",72.9748458983813
"577",21,"Male",2.33923591526081,2.01881388131903,1.83677707410194,"No",91.4,6.58117433948619,"Fair",3,"High School","Good",10,"No",82.0676338965891
"578",22,"Female",2.26249609874126,2.37118852361667,1.38741918165252,"Yes",87.6,7.49332021858914,"Fair",4,"Bachelor","Good",1,"Yes",69.8483054617829
"579",18,"Male",4.10138450236458,3.28517394017303,1.43127147988332,"Yes",97,8.13654246590121,"Fair",4,"High School","Average",3,"No",90.3903426537325
"580",18,"Female",4.65750222582722,3.22968308047585,0.904656822070473,"Yes",69.8,7.21644915548119,"Good",3,"High School","Average",9,"Yes",100
"581",22,"Female",2.80328697703785,2.56164675843473,1.56151856869884,"No",90,8.9115125543238,"Good",5,"Master","Average",4,"No",88.3129655611223
"582",17,"Male",3.20814262133344,2.52150178143169,2.5457081213907,"No",91.3,7.53293885670136,"Fair",3,"High School","Average",3,"No",85.9501746137451
"583",20,"Male",3.25788054436454,2.26881935249228,2.22231730114817,"No",72.6,5.375457612868,"Fair",1,"High School","Good",8,"No",81.6439119706499
"584",18,"Female",3.57694204614132,2.80431060946453,2.41858519017787,"No",70,8.05881870959609,"Fair",2,"Bachelor","Poor",1,"Yes",87.0189044087285
"585",22,"Female",2.30317209841457,0.547563182506273,1.27484401066841,"No",77.5,7.23760848263352,"Good",0,"Bachelor","Average",5,"No",76.0712884292395
"586",23,"Male",3.90987276298376,1.69734354878166,1.48108621481289,"No",78.4,7.22624166059484,"Good",3,"High School","Good",1,"No",82.7238658654438
"587",22,"Female",4.53847243499523,2.37886117665507,0.206280851929749,"Yes",92.5,7.33470431421507,"Fair",3,"High School","Poor",7,"Yes",93.3035410394184
"588",19,"Male",3.8292547684293,1.06443721746895,2.16418349562617,"No",78.9,8.14134315104027,"Good",4,"Master","Average",5,"No",87.4899779220714
"589",20,"Other",3.32187000968378,2.44168392597624,2.67353395785162,"No",76.4,8.94752746036984,"Fair",1,"High School","Average",2,"No",81.9470630201119
"590",21,"Male",3.79388092132507,1.88043162375886,0.952966016364072,"No",78.9,8.24394903104098,"Poor",6,"Bachelor","Good",1,"No",89.5142281637131
"591",17,"Female",0,4.04363975493861,2.43249713485703,"No",96.2,7.32564208531044,"Poor",6,"Bachelor","Average",7,"No",67.7846747314741
"592",24,"Female",3.45845823146326,3.92223507628167,2.68295907781419,"No",85.1,7.1247304362798,"Fair",4,"High School","Good",1,"No",83.426772604469
"593",21,"Female",2.56060418299327,1.8161969495675,3.11275746410989,"Yes",83.2,7.2018490214239,"Fair",5,"Master","Average",3,"No",81.0919246386296
"594",20,"Female",1.09454884482946,1.98574671513891,1.89209166898248,"Yes",83.9,7.15985697561431,"Poor",3,"Bachelor","Good",6,"No",60.6943394967832
"595",20,"Male",3.4507122453636,1.4277062437377,1.70185090839879,"Yes",97.9,8.65512191955113,"Good",3,"High School","Average",6,"No",95.2528058232176
"596",20,"Male",4.3494938528933,2.17988868626976,1.22045695866561,"No",77.5,7.5939339880059,"Fair",4,"Bachelor","Average",7,"No",100
"597",21,"Male",2.7775925844455,2.69674013015691,2.26155804118403,"No",98.2,8.52709289818815,"Fair",3,"Bachelor","Poor",1,"No",84.6257264608904
"598",23,"Male",2.92267898163683,2.31798089061002,4.70080194286667,"No",87.1,8.3276876493383,"Fair",5,"Bachelor","Poor",7,"No",98.2901216313996
"599",20,"Female",3.86300088349591,2.12524885311373,3.3482476768564,"Yes",83.4,6.6669851736977,"Poor",2,"Master","Average",2,"Yes",94.5713959284008
"600",22,"Male",4.60741920996292,2.51649896797056,1.49770180567989,"No",100,8.59937146256325,"Fair",0,"High School","Poor",6,"No",90.4384148900027
"601",21,"Male",4.64788383857415,2.73193067715598,1.84151712567284,"No",74.4,7.34249113928598,"Fair",0,"High School","Average",8,"Yes",96.1697856799954
"602",24,"Other",4.11227370255451,1.23946390263441,1.57118024387171,"No",81.5,8.56063491129627,"Fair",0,"High School","Good",5,"Yes",91.806109939254
"603",20,"Female",2.80666133769004,3.26466466904007,1.85773407753381,"No",72.7,7.26222545674524,"Poor",2,"None","Average",10,"Yes",88.2620597308987
"604",22,"Female",1.03187035559254,2.45251101772521,3.27329065915796,"No",94.5,6.18709769488447,"Fair",3,"None","Average",3,"No",61.8532811267788
"605",23,"Other",2.48779114864392,2.71911595108649,2.28252147158187,"No",100,7.75342952836359,"Poor",4,"Master","Good",8,"Yes",88.2110840230551
"606",19,"Male",2.45722714299924,2.940236623375,2.15303414174539,"No",100,5.15048259065775,"Good",6,"Bachelor","Good",8,"No",85.4590253883965
"607",23,"Male",4.90513207239673,2.80757278681005,1.96488660696568,"No",97.2,5.84235055445868,"Good",1,"Bachelor","Poor",4,"No",97.3449389705623
"608",24,"Female",2.63821678955661,2.48546490035181,3.25751534172499,"No",83,7.61936063442763,"Poor",3,"Bachelor","Average",8,"Yes",79.449597947708
"609",20,"Female",2.85006311561387,1.01330804682936,2.39442044862958,"No",81.3,8.13003460626728,"Fair",2,"Bachelor","Good",5,"Yes",81.7047404811103
"610",24,"Male",3.23447529425113,2.06269000125354,1.69909865579962,"No",68.3,7.82750896148882,"Poor",5,"High School","Poor",5,"No",90.4864249772753
"611",21,"Female",3.12925165804475,1.59900311605219,3.02316239286593,"No",100,6.31168270380649,"Fair",2,"Master","Good",3,"No",86.5417783935659
"612",18,"Male",4.83753093328444,1.74437073220086,1.84095362588142,"No",89.7,6.84428569012586,"Fair",6,"High School","Poor",7,"No",100
"613",20,"Male",2.3413163088858,2.37002834326047,1.69627495196604,"No",80.1,7.5047560943153,"Fair",0,"Master","Good",9,"No",86.381364332756
"614",18,"Female",3.28028901543423,1.25058759161287,1.40833729757446,"No",98.3,7.9904470099003,"Fair",3,"Bachelor","Average",9,"No",94.2693017798064
"615",22,"Female",1.37947261864037,2.55656846885381,1.5663847947085,"No",75.3,7.60835005566936,"Good",6,"High School","Good",1,"No",77.048602657263
"616",19,"Female",1.86469203574797,1.59021052507794,2.12445838007183,"No",89.1,8.74768516325526,"Fair",0,"Bachelor","Average",1,"No",69.2581668650257
"617",17,"Male",2.04016937794506,2.2573290935075,0.926409972829971,"No",83.3,8.046893374777,"Fair",1,"Bachelor","Good",10,"No",91.3870181233304
"618",24,"Female",2.23995033923779,2.51681299818069,1.68902342069618,"No",91.4,7.18454325541625,"Fair",5,"High School","Poor",5,"No",87.4379305451802
"619",23,"Male",2.35584994255288,1.47072458291272,0.892433259383716,"No",84.4,8.06501870882539,"Good",0,"Bachelor","Average",1,"Yes",81.8866304643294
"620",19,"Male",2.49166291773955,2.3225697292007,1.95852178131434,"No",70.5,6.23094555475202,"Good",1,"High School","Good",4,"No",70.4292124607962
"621",20,"Female",1.43622968996431,2.75393236054828,1.81088665412961,"No",85.8,7.81501385282024,"Fair",2,"None","Average",1,"No",65.7866683457531
"622",18,"Female",2.71385698335185,1.74058701170753,1.98794584943625,"No",95.5,8.35633244507555,"Good",0,"Master","Good",2,"No",87.1241050380993
"623",23,"Female",0.925660403706988,1.6020952138271,1.59452818269366,"No",84.7,8.58201490176835,"Fair",0,"Bachelor","Average",2,"Yes",61.6452369001158
"624",18,"Female",3.48955954514344,2.1373683601834,2.16114507404533,"No",92.8,7.86382207447304,"Good",4,"Master","Good",4,"No",97.3050294585718
"625",21,"Female",3.35048727582759,1.93566693065935,2.02162484991987,"No",74.5,7.32854106219254,"Good",5,"Bachelor","Average",8,"Yes",93.1698787571496
"626",18,"Female",0.88855493828842,2.14712274706677,1.9944942020513,"No",84.7,9.08141675174857,"Poor",5,"High School","Good",2,"Yes",71.6442324189954
"627",21,"Male",2.69155141762496,1.45032133224558,1.9429447234417,"No",78.8,7.91553525725642,"Good",6,"Bachelor","Good",9,"Yes",87.1765938063189
"628",22,"Male",1.95721138849933,1.06250227908049,1.57389792161566,"No",92.5,9.14554033696539,"Fair",2,"Bachelor","Average",9,"No",90.9157453349642
"629",23,"Male",3.31946546462273,1.92070311111448,2.51998813862468,"No",85.3,7.43653400398683,"Fair",4,"Master","Good",2,"Yes",87.1241050380993
"630",23,"Male",4.45203898091242,2.38227085055123,2.93861158534452,"Yes",91.9,8.41840988730371,"Fair",6,"High School","Good",1,"No",92.9011022111248
"631",17,"Female",1.11695187897805,2.90583151607101,2.01274441417281,"No",95.9,8.89244843733355,"Good",1,"Master","Average",10,"Yes",74.4815757822495
"632",20,"Female",3.22573022513898,1.45399933779517,1.556726394437,"No",91.9,7.69832702926473,"Fair",6,"Master","Good",10,"No",92.1288315001682
"633",21,"Male",2.83964402936881,2.00163931968494,2.26893419846094,"No",87.7,7.68624018270075,"Poor",1,"Bachelor","Poor",9,"Yes",89.5142281637131
"634",17,"Male",3.46141248940085,1.55446384935256,2.49637443495009,"No",75,8.4537911142686,"Good",2,"Master","Good",2,"Yes",93.3923827022046
"635",18,"Female",2.92744737721458,2.13285748611688,2.46555556947102,"No",85,7.53116576835597,"Poor",5,"High School","Average",8,"No",90.1974289870024
"636",18,"Male",1.94107016113258,1.75782189033464,2.00175746469769,"No",79.7,6.29665782852851,"Poor",1,"Master","Poor",3,"No",71.0011722408431
"637",17,"Female",2.44266160741837,2.83302883800701,2.31849214070691,"No",81.6,9.48283546280617,"Fair",2,"Bachelor","Average",1,"Yes",80.0263518633569
"638",23,"Female",2.52582150286361,0.630639034175798,1.81445715598266,"No",81.3,7.21426704109148,"Fair",6,"None","Good",1,"Yes",86.9134049135319
"639",18,"Female",4.13664294411891,2.11106566931375,1.47581368243135,"Yes",75.2,7.3992327105656,"Fair",1,"Master","Good",10,"Yes",99.7765140857827
"640",24,"Female",3.17454948609547,2.60590486908311,1.53555654284625,"No",65.4,8.19380063952623,"Poor",3,"High School","Good",2,"No",82.7829522698469
"641",22,"Female",4.69110689370276,2.81264245158502,1.3549742727282,"Yes",78.3,7.08320664958645,"Good",0,"High School","Average",7,"No",99.2497563554791
"642",22,"Male",2.89123337913808,4.09227141771026,0.732822556324774,"No",86.9,7.23854409293402,"Good",6,"Bachelor","Poor",6,"No",89.1678557907743
"643",24,"Female",2.84503206791737,1.89145820685679,0.76824262500466,"No",71.5,8.01811224124495,"Fair",5,"High School","Good",2,"Yes",74.5553311140074
"644",17,"Female",1.66192777644516,1.27781583598319,2.12707043462859,"No",85.2,6.01790221565829,"Fair",6,"High School","Good",4,"No",73.8111018507991
"645",24,"Male",1.63729045461446,2.34475441083073,1.39295983224714,"No",100,7.12043259247852,"Fair",3,"Bachelor","Average",2,"Yes",61.3309687565747
"646",21,"Female",2.036096873967,0.769649826158731,2.17155970453327,"Yes",95.2,7.71325025196395,"Good",2,"None","Average",1,"Yes",71.404387899593
"647",21,"Female",3.07959270348918,2.15843723933697,2.18803337821338,"No",100,7.58257277586436,"Poor",2,"High School","Average",3,"No",85.8959221609506
"648",17,"Female",3.4981248149883,1.71000860879517,0.94100452401906,"No",88.9,6.22005276471647,"Poor",6,"None","Average",4,"No",93.6135614223372
"649",24,"Female",0.995137059105737,3.2664971438029,2.8745846206112,"No",96.7,8.91317570874499,"Good",3,"High School","Good",10,"Yes",77.5277808841547
"650",21,"Female",4.08549876510414,1.29813194720107,2.47381644253353,"No",77.8,7.86784229957127,"Fair",6,"Bachelor","Average",5,"No",95.2528058232176
"651",23,"Female",2.61995415353155,2.11913590604754,1.26706153411126,"No",78.6,8.92493789280923,"Fair",0,"Bachelor","Good",5,"No",81.9470630201119
"652",24,"Female",3.01882443587033,1.47556426810962,2.42487412029933,"Yes",57.6,7.56639591888573,"Good",0,"Master","Average",7,"No",89.6616901602552
"653",23,"Female",5.27651267042162,2.79429598431121,0.676543862944725,"No",96.9,7.3987950778126,"Good",4,"Bachelor","Average",10,"No",100
"654",21,"Female",4.35070450111701,2.28326106354688,2.26768097870937,"No",100,7.07865841576932,"Fair",1,"High School","Good",8,"No",92.9011022111248
"655",22,"Female",2.97348255164979,3.41687060065093,0.884112746475512,"No",79.5,7.47397102922252,"Good",4,"Master","Good",9,"No",87.5419524544645
"656",21,"Female",2.12905121029222,3.01525360620122,1.27012388811458,"No",82.5,6.38007900572612,"Poor",0,"Bachelor","Average",7,"No",79.514125848102
"657",23,"Male",1.29640229019454,2.90632850329984,1.42550647120617,"Yes",77.5,8.49985287079399,"Good",3,"Bachelor","Good",5,"No",62.1631783132016
"658",19,"Female",2.03368153369526,2.6070487494169,2.09605906961951,"No",88.8,7.42737352010385,"Fair",1,"Bachelor","Average",9,"Yes",85.3489933157997
"659",20,"Female",3.02810090937897,2.39218449980356,1.55101675440225,"Yes",96.2,6.37212329079633,"Good",3,"Master","Good",8,"No",89.2175357946157
"660",18,"Male",1.52473591328331,1.17494249922499,1.42259789092344,"No",67.6,8.75785430862612,"Good",4,"Bachelor","Average",10,"Yes",88.6169437713763
"661",24,"Female",2.45477549385235,1.95030706447588,1.87421905512017,"No",89.1,7.42666759241099,"Good",2,"High School","Good",9,"Yes",91.4805592240054
"662",19,"Male",3.14767652188329,2.51761675494447,2.74087664738123,"No",82.2,6.96769642392001,"Good",3,"Bachelor","Poor",10,"No",82.5460404785663
"663",21,"Male",3.5302171720464,1.52448306512586,1.43786777386092,"No",86.1,6.51066785681864,"Fair",4,"None","Average",8,"Yes",89.9548690303706
"664",22,"Female",2.24337958711669,1.5834314729733,2.19909681474138,"No",89.6,9.06013188195496,"Fair",4,"High School","Good",6,"No",89.6126011943062
"665",17,"Male",3.01171326543215,1.43849833461442,1.31861882989725,"No",83.1,7.74135760180655,"Fair",4,"High School","Good",4,"No",83.6581490372817
"666",21,"Female",3.76119474666444,4.01747830229953,2.55747015827895,"No",84,7.65493981001931,"Good",2,"High School","Average",9,"No",89.464943753914
"667",22,"Female",1.08626994297942,3.61485830552377,2.07382471060947,"Yes",82.9,8.61433790487481,"Good",2,"None","Average",9,"Yes",74.5553311140074
"668",20,"Female",4.3238460652437,1.83281931749782,2.56683011955447,"No",94.7,8.20951948906972,"Fair",6,"High School","Average",10,"Yes",100
"669",21,"Male",2.89717755539991,3.34956561266408,3.11060942075548,"No",89.2,7.41049780120649,"Good",2,"Bachelor","Good",10,"No",90.0035079336342
"670",23,"Male",2.79895883504853,2.35459798682536,2.50390862644307,"No",87.2,6.20375012382436,"Good",1,"Bachelor","Good",9,"No",86.7015024992942
"671",17,"Female",4.18960417313875,0.461888877316186,1.33947982250501,"No",72.3,7.07350960918001,"Good",2,"Master","Good",10,"Yes",95.630674743169
"672",22,"Other",2.80175241630236,1.45457639574351,1.45429491078578,"No",81.2,8.30220808352482,"Good",2,"High School","Average",3,"Yes",86.9661921254522
"673",22,"Female",4.59298522266025,3.34617753502419,2.59247711432725,"No",94,6.5702059844277,"Fair",2,"Bachelor","Good",3,"No",86.4349127159824
"674",22,"Male",3.43814675684345,2.21416753619469,1.29362414657156,"No",85.4,7.29689617970319,"Poor",3,"Master","Average",6,"Yes",93.9210150783772
"675",20,"Female",2.2739824261576,2.01547167283862,1.19980494536184,"No",91.6,8.52888937827575,"Poor",2,"High School","Poor",6,"No",83.19394552624
"676",21,"Female",3.1478590273418,2.65256930500306,2.29397325335178,"No",100,7.57729901892802,"Fair",1,"Bachelor","Good",6,"No",92.7208309962785
"677",20,"Female",1.95979719019776,3.73894081205873,3.31439216047917,"No",95.4,6.15648658759385,"Good",4,"Bachelor","Good",5,"No",63.4769625754165
"678",24,"Male",3.56641106955854,3.34551669172325,2.44681678999158,"No",85.9,8.79460618472142,"Good",3,"None","Good",5,"No",88.7177194026452
"679",18,"Female",3.1869409342486,4.02871047099521,1.07088358819432,"Yes",79.9,8.19319264512856,"Good",0,"Master","Good",2,"Yes",76.7025069804146
"680",18,"Female",2.83426727713388,1.59370913550306,1.68467509770644,"No",59.5,7.75825411609324,"Good",2,"Bachelor","Good",7,"No",83.5426410208809
"681",24,"Other",3.65129187299491,1.94563300360891,1.05072762357248,"No",83.3,8.30063529471707,"Poor",6,"None","Good",4,"No",86.9661921254522
"682",21,"Male",1.20872101394928,0.697018792788148,1.15316289576737,"No",81.7,9.86077001419622,"Poor",6,"None","Average",3,"No",75.3571164702484
"683",23,"Female",2.49039984860698,3.51076625948483,2.8390117111212,"No",88.9,6.42968369643306,"Poor",4,"None","Average",8,"No",76.7025069804146
"684",20,"Female",2.92286769129954,1.79443206700817,1.17341299833682,"Yes",83.5,7.30170192539277,"Fair",4,"High School","Good",4,"No",90.3903426537325
"685",17,"Male",2.79630802231739,2.67171588503219,3.3096580171279,"No",81.8,5.88769058233785,"Fair",3,"Bachelor","Good",4,"Yes",80.9060904026231
"686",22,"Female",1.90906072786166,1.01794303635773,2.79098591185883,"No",67.2,7.8959829634386,"Poor",6,"Bachelor","Average",8,"No",78.0679474600031
"687",22,"Female",3.98712882898969,2.16735989875614,3.16599852881887,"Yes",75.6,7.66547213892528,"Fair",0,"High School","Average",1,"No",86.7015024992942
"688",21,"Male",2.35907363625754,0.806794924269768,1.13839879479312,"Yes",89.8,8.32648963878753,"Poor",5,"Master","Average",9,"No",87.593854345978
"689",23,"Male",4.35573683549176,1.01129415531063,1.68820200658267,"No",100,7.34251902487118,"Good",6,"High School","Poor",7,"No",97.265077010035
"690",18,"Female",3.48653806520689,1.78222963796197,1.14679858823499,"No",84,5.88452766999386,"Fair",6,"None","Good",2,"No",88.0064785614844
"691",18,"Male",2.13207122873906,1.89539113476142,1.90896889617616,"Yes",88.3,7.47364620328015,"Fair",1,"High School","Average",6,"No",87.0189044087285
"692",22,"Female",4.78243172536639,2.70859051023446,2.78165185383204,"No",94.5,8.58284067634444,"Fair",5,"Bachelor","Good",8,"No",100
"693",21,"Male",2.12762961045596,1.03039918948473,2.54242936105037,"No",76.9,7.48729228482876,"Good",4,"High School","Average",5,"Yes",63.4769625754165
"694",20,"Female",3.63045080305624,2.44803207761185,1.59554358816468,"No",88.7,8.22588196574391,"Fair",5,"High School","Average",6,"No",95.5470355246306
"695",18,"Male",4.18971567743744,3.09161590595144,1.5625587698441,"No",77.6,6.40429000586068,"Fair",6,"High School","Poor",10,"No",95.5051451678672
"696",20,"Female",2.09760162793074,1.44902815892854,2.17703318828521,"No",93.6,8.10565932185642,"Good",4,"Bachelor","Good",8,"No",85.9501746137451
"697",23,"Other",5.13386040176305,1.10624542367092,0.312464445997301,"No",86.5,7.81595675000703,"Fair",5,"Master","Good",6,"No",100
"698",18,"Other",3.08262653127362,1.67336382438097,2.7167393562836,"No",88,6.48082123257609,"Good",4,"High School","Good",9,"No",85.0724782829511
"699",18,"Female",3.66319840791191,3.08361511535657,1.36172685621067,"No",77.2,6.61983091102043,"Fair",4,"High School","Poor",9,"No",87.5419524544645
"700",19,"Male",3.55024492693688,2.36783596896293,2.01624185664574,"No",92.1,7.26760596905175,"Fair",3,"Bachelor","Average",9,"No",90.6778470368583
"701",18,"Female",2.66273256380807,1.88046974295714,1.4235941037881,"No",100,8.39271957941085,"Poor",0,"Bachelor","Poor",6,"Yes",85.5139194077534
"702",24,"Male",3.94115621618408,2.20304899925277,1.42275314882998,"No",74.9,6.8347803105112,"Good",4,"High School","Average",9,"Yes",98.6384537069571
"703",17,"Male",3.70240172195643,1.77635630015285,2.4238359224878,"No",81.6,6.9675411602375,"Fair",1,"Master","Good",3,"No",93.1252175403018
"704",24,"Male",0.974738837254494,2.79616646807674,2.16263521532843,"Yes",87.3,7.50842544277514,"Poor",6,"Bachelor","Good",5,"No",63.9701411030708
"705",21,"Female",4.01348651321694,2.4828848572279,1.94529732836843,"No",92.9,6.98096176222513,"Fair",6,"High School","Good",2,"Yes",89.9548690303706
"706",21,"Female",1.68173875954853,1.32766567366347,0.983276236584008,"No",79.4,9.50150967028395,"Fair",1,"Bachelor","Average",8,"Yes",76.1419560001994
"707",20,"Female",4.07647773103134,1.14835138388935,2.21935270628564,"No",56.7,7.24075910011479,"Poor",2,"Master","Average",4,"No",93.3479884383008
"708",24,"Male",3.94450959654726,1.5258468958427,3.14238638792573,"No",98.6,7.16006353373365,"Good",4,"Bachelor","Average",6,"No",96.9035574691418
"709",24,"Male",1.4343369428689,2.82491122406307,2.54847898676134,"No",92.6,6.99674151525177,"Good",4,"None","Poor",6,"No",76.5631604854576
"710",24,"Other",1.99736199012283,3.45769620047298,3.17571248892869,"No",67.6,9.19367444394544,"Poor",4,"High School","Good",5,"Yes",78.732290710963
"711",23,"Male",1.90146674048808,1.38243394044559,0.900364388318967,"No",78.9,8.35854730789968,"Fair",5,"High School","Good",1,"No",79.8350941152814
"712",18,"Male",2.94938252378869,2.41131392298891,1.91147344622266,"No",100,7.04345790925111,"Good",4,"High School","Average",7,"No",87.2290084901551
"713",17,"Male",2.36400748748403,0.844717106293507,1.60551769182331,"Yes",99.5,8.24127223242454,"Fair",4,"Bachelor","Average",10,"No",99.5140691960677
"714",20,"Female",4.44019372195232,0.91950714283897,0.0708490086115428,"Yes",94.4,8.28540656892282,"Fair",1,"Bachelor","Good",8,"No",93.2144863268772
"715",24,"Female",4.15314296884655,2.65596107037562,1.88060568688509,"No",83.2,7.47384445154177,"Fair",0,"Bachelor","Good",1,"Yes",91.9908655309535
"716",24,"Male",4.31496239417763,1.13450602994165,2.75435247844072,"No",85.8,8.0766168163734,"Good",0,"Master","Good",10,"No",96.6199220681245
"717",19,"Male",3.12428522669408,0.628726420465325,2.22504406428594,"No",83.7,7.29532603740478,"Good",2,"High School","Average",7,"Yes",83.1355099558298
"718",20,"Female",3.23688002132547,1.21017938090673,1.83443133062548,"Yes",96.3,7.71999473277946,"Good",1,"Master","Average",4,"Yes",84.7379192874128
"719",24,"Female",1.14681316295546,2.59382705872583,1.26654673497271,"No",76.2,7.27989598415231,"Poor",4,"Bachelor","Good",6,"No",74.1850808153626
"720",20,"Male",2.32290277888729,2.32991752744954,1.84576342925568,"Yes",76.9,8.95999446283881,"Fair",0,"High School","Good",9,"No",86.1663952963872
"721",18,"Female",3.71696990177471,0.459366982155902,2.00908610674073,"Yes",95.1,7.15597948228026,"Good",3,"Bachelor","Average",5,"No",97.7811359457426
"722",19,"Male",4.62010717196714,0.618334339719979,2.27357964745067,"Yes",84.6,8.7932933789034,"Poor",3,"High School","Good",8,"No",100
"723",20,"Male",1.99157834928398,1.87090026213542,0.343839657380585,"No",98.8,7.59510589501136,"Good",3,"Bachelor","Good",5,"No",80.1533119779004
"724",17,"Female",2.56074742694143,2.77331857599141,1.02575460101615,"No",78.3,7.89498125445703,"Good",4,"Bachelor","Average",2,"No",76.5631604854576
"725",17,"Male",3.29006494019982,0.524088356141854,1.91870838307707,"No",84.5,7.96730269617467,"Poor",4,"High School","Average",4,"Yes",87.0189044087285
"726",21,"Female",3.56269021047132,2.10391717300381,2.08397667054479,"No",75.8,6.95699048840892,"Good",2,"Bachelor","Average",2,"No",83.426772604469
"727",19,"Male",1.7462146644308,2.20474501631295,1.62113284122808,"Yes",85.1,7.79874511031464,"Fair",6,"Bachelor","Poor",7,"Yes",90.4864249772753
"728",19,"Male",3.38134837940408,3.89720679042141,1.94276673512738,"No",70.2,4.79414965682623,"Good",2,"High School","Good",7,"No",79.3849577271523
"729",21,"Other",2.41069097231319,2.02827359203675,2.31353950856226,"No",80.1,7.16531280468013,"Fair",2,"None","Average",3,"Yes",80.9681385329028
"730",20,"Male",2.61059837260215,2.74034173690612,2.86289119710215,"No",70.6,7.13658173611298,"Fair",5,"High School","Good",7,"No",84.9612931779398
"731",19,"Female",3.88451328774999,2.3618167380269,2.42193612372873,"Yes",91.9,6.36330443546025,"Good",3,"Bachelor","Good",1,"No",80.0263518633569
"732",17,"Male",2.93034531453407,0.196055399376407,2.81648740317855,"No",92.2,7.56493548514903,"Good",4,"Master","Poor",1,"No",83.19394552624
"733",17,"Male",2.62770088164376,2.74695661460989,1.59813316442105,"No",67.7,7.89492727998067,"Poor",3,"Master","Average",9,"No",82.6054102711204
"734",24,"Male",3.17177844402309,2.14238742507016,0.809791525773655,"No",98.3,8.00560664592641,"Fair",2,"Bachelor","Good",6,"No",87.0715419757738
"735",18,"Female",2.26947650111011,2.13011038681154,2.08746410371387,"No",100,8.82649687948233,"Poor",4,"Bachelor","Good",5,"No",89.4155938498634
"736",19,"Male",2.16120527937092,5.6205861264564,2.85451174022359,"Yes",85.5,7.40878447355224,"Fair",1,"High School","Good",6,"No",74.3336242027526
"737",20,"Female",2.6977156366958,0.629627643911109,3.18708604924001,"No",78.6,7.76428163582043,"Fair",0,"Bachelor","Average",6,"No",88.2110840230551
"738",21,"Male",4.96983558147457,3.22208480810356,2.21568291791327,"Yes",100,7.88771686426582,"Fair",0,"High School","Average",1,"Yes",88.1600382454879
"739",21,"Other",3.23449038463804,2.29733219146644,2.90236557027268,"No",71.8,8.09980734348606,"Fair",2,"High School","Good",5,"Yes",89.8085689173177
"740",20,"Male",2.88300524543466,2.42554998115596,2.14884837280038,"No",85.2,8.46274618121672,"Poor",6,"Bachelor","Good",9,"Yes",88.8683719310979
"741",23,"Female",3.75192026804682,2.00643852850702,1.82602734362872,"Yes",86.8,7.2737652939784,"Poor",3,"None","Average",4,"Yes",91.2462631955049
"742",22,"Female",2.57018828115962,2.41959631125126,2.08159422747179,"No",98.5,6.51038866877136,"Poor",1,"Bachelor","Good",3,"No",75.2126190220502
"743",18,"Female",4.01389536325266,1.7742072513502,3.63529944632235,"No",88.6,7.15392075824999,"Fair",4,"Bachelor","Average",1,"Yes",87.2813492984435
"744",21,"Female",3.38494635371754,1.9038880672593,1.39629999557199,"Yes",80,7.52243227966656,"Good",6,"High School","Good",2,"Yes",90.0035079336342
"745",19,"Female",3.10120752585676,0.700002830607924,3.0093371336428,"No",75.5,7.59077877182889,"Poor",3,"High School","Good",3,"Yes",76.1419560001994
"746",18,"Female",3.34146997004647,3.02644496753196,1.8263544821565,"No",81.6,7.92003958778652,"Good",2,"Master","Average",4,"No",88.8182222984488
"747",19,"Male",1.6726203724413,1.86154922617528,2.87085085702099,"No",74.9,8.06263073304714,"Good",3,"Bachelor","Good",7,"No",68.3114324617777
"748",23,"Male",1.79871095170712,1.44153552424818,1.57871965560775,"No",85.5,7.19616451969582,"Good",2,"High School","Average",6,"No",74.1105857104755
"749",17,"Female",1.18770385467803,2.48492934331349,2.94495456091342,"No",79.4,7.45380864565324,"Good",5,"High School","Average",8,"No",70.9200010668142
"750",18,"Female",3.40733666436588,3.45836622418897,1.1399422713205,"No",70.1,7.87196219869888,"Good",0,"Bachelor","Poor",9,"Yes",90.3903426537325
"751",24,"Female",4.55735101084054,1.88397205504159,0.87523084481692,"No",97.6,7.38003335202522,"Poor",6,"Bachelor","Poor",6,"No",99.438743009322
"752",21,"Female",5.25407977797348,2.1685530821272,2.67519060351284,"No",80,6.44197746447217,"Fair",0,"High School","Average",7,"No",98.5613284511293
"753",18,"Male",4.12441134647892,1.77839873039405,2.44322153071938,"Yes",72.3,5.89611074697177,"Good",3,"High School","Good",4,"Yes",87.4379305451802
"754",18,"Male",2.97543747054898,3.00818194342543,1.9372395735716,"No",83.3,7.24669845122479,"Fair",1,"Master","Good",2,"No",80.5316086006833
"755",18,"Female",0.875743109825352,2.631160850445,0.975130325811917,"No",85.7,8.39940134642117,"Good",4,"Bachelor","Poor",9,"No",75.5728138665887
"756",22,"Male",1.9880743557745,4.51806880534314,2.61276378852482,"Yes",67.5,6.61040231144152,"Poor",2,"Master","Good",9,"No",80.5942850667563
"757",18,"Male",2.26655169775847,1.57735793412186,1.98472153240773,"No",88.3,7.36679878845376,"Good",4,"Bachelor","Good",4,"No",80.0898861771143
"758",19,"Female",2.10109934728739,2.32074744895205,2.276989312088,"No",74.5,8.9195863785859,"Fair",0,"Master","Good",3,"Yes",69.9318505978813
"759",17,"Male",2.63365901909441,2.86079083411535,2.48448033423325,"No",100,8.26743922414598,"Fair",1,"High School","Good",10,"Yes",89.5142281637131
"760",23,"Female",2.69045731141702,3.47259705523177,2.156188262952,"Yes",90.2,6.3399235440535,"Fair",1,"Bachelor","Average",6,"Yes",77.7312652142828
"761",20,"Male",0.71969014931163,1.5378510034462,3.35413805957292,"Yes",81,8.6376303187705,"Good",4,"None","Average",3,"Yes",55.5362603359057
"762",18,"Female",3.75891850150568,2.93963467357842,2.14388536049361,"No",77.5,8.63202169539624,"Good",0,"Bachelor","Good",1,"Yes",87.6974410165825
"763",21,"Male",2.36732572339898,1.94678930822655,1.32152052436678,"No",84,6.68683925273363,"Fair",4,"High School","Poor",4,"No",75.5728138665887
"764",18,"Male",3.85505745368414,0.787874557999477,0.398936415960401,"Yes",91.1,7.52157814326782,"Good",3,"High School","Poor",1,"Yes",80.7193215395381
"765",21,"Male",4.9577564482534,2.12806933985981,2.03043253115377,"No",84.7,8.86629029912387,"Fair",1,"Master","Poor",2,"No",98.7154191175805
"766",19,"Male",2.34669515091971,1.75882247866134,1.78411628735943,"Yes",82.8,7.61575192996962,"Poor",1,"Master","Average",3,"No",69.5965363799128
"767",21,"Male",0.81092986524354,1.99111505075545,2.84261372437776,"No",85.6,5.76332687633021,"Poor",3,"None","Average",8,"No",55.9033387514507
"768",24,"Male",2.22074251201266,2.86799521049289,3.01706947077488,"No",79,6.06544885748217,"Poor",0,"Bachelor","Average",10,"No",83.2522892889605
"769",20,"Female",4.03261787519914,3.6029851561145,1.02909048688063,"No",81.6,7.43091588030364,"Fair",1,"High School","Poor",4,"No",88.8182222984488
"770",17,"Male",5.09764298004373,3.13079384761395,2.11483081780319,"No",64.1,6.71736073586298,"Fair",6,"High School","Good",4,"No",99.5516750699983
"771",21,"Female",1.70577672383933,2.74662066791748,2.87040540914407,"No",94.7,7.27457851331944,"Good",5,"Bachelor","Good",10,"No",76.4232891437067
"772",21,"Female",3.72322226486237,1.75427340898421,3.06779059655256,"No",88,7.6816303907226,"Good",5,"High School","Average",9,"No",93.7895607912618
"773",17,"Female",2.74620685556443,1.39530527194954,2.63925300448821,"No",77.3,8.88738372849908,"Poor",5,"Master","Poor",7,"No",88.3129655611223
"774",20,"Male",2.53741352292026,3.60548884969813,3.01960411630289,"No",100,6.79444740627623,"Fair",2,"High School","Poor",2,"Yes",79.1903592172275
"775",18,"Female",6.15701177868641,2.68291816728571,2.00058192978861,"Yes",85.9,8.4430060006858,"Fair",6,"Bachelor","Average",3,"No",100
"776",21,"Male",1.70827070640515,3.47466540401885,2.36399074165179,"No",74.6,8.47154804896064,"Fair",2,"Bachelor","Average",4,"No",62.2659053422853
"777",17,"Male",3.1902314459596,1.81458080799492,2.98465977759022,"No",93.6,9.0078075982222,"Poor",0,"High School","Average",4,"No",84.3437524612469
"778",24,"Other",3.52116566490021,1.80341456904659,1.69758126386152,"Yes",89,7.20996125479575,"Poor",3,"High School","Good",10,"Yes",95.0412052659054
"779",24,"Male",2.94266168412871,1.44325592501327,2.34425133085995,"No",88.9,6.23824533710929,"Good",4,"Bachelor","Average",8,"No",100
"780",19,"Female",2.73784258343333,1.64739650545133,1.37908308428799,"Yes",80.7,8.80433643534439,"Good",6,"Bachelor","Average",10,"No",94.2259441597813
"781",17,"Female",3.36985583764556,2.97116335547207,2.15252475265647,"No",89.5,8.60025367114009,"Poor",0,"High School","Average",10,"Yes",95.8389523353022
"782",19,"Female",3.0461415056865,1.02862645110006,2.74410347549419,"No",82.4,7.53816121443026,"Fair",4,"Bachelor","Good",6,"No",85.0724782829511
"783",24,"Female",3.18153880270375,2.40802707314652,1.85016291186264,"Yes",90.6,9.12892095321664,"Fair",0,"None","Good",3,"No",78.4679778703745
"784",20,"Male",2.87909722130612,1.81148559936845,0.804988571327581,"No",66,8.54918204922314,"Good",2,"High School","Good",9,"No",90.7255487740954
"785",18,"Male",3.31086031699953,2.23569218197026,1.53351612354936,"No",80.7,8.71825293129194,"Fair",5,"High School","Good",10,"No",96.6199220681245
"786",17,"Female",2.82019014758498,1.114988710823,2.53294093308181,"No",100,8.50081899395272,"Poor",3,"None","Average",8,"No",85.8959221609506
"787",23,"Male",3.50485395437758,2.34881791212859,2.62254409190694,"No",77.3,7.66697980515174,"Good",2,"Bachelor","Average",9,"No",94.0955667385618
"788",24,"Male",3.02937754784767,0.288160942084181,2.34994014562408,"No",79,5.80294779843007,"Fair",3,"Bachelor","Good",5,"Yes",83.6581490372817
"789",24,"Male",4.08180451617793,1.99909672743557,1.73688302033484,"No",80.5,7.44083864450039,"Fair",6,"Master","Poor",3,"No",92.9909107127747
"790",23,"Male",3.29489326620743,0.577267833479816,0.549579291054502,"No",72.9,8.73409774267649,"Fair",4,"Bachelor","Good",4,"No",90.7731893160147
"791",22,"Male",2.11703505314075,2.85868851709805,1.79753760440881,"No",62.9,6.54078924078181,"Fair",0,"Master","Good",5,"No",57.1013715925737
"792",24,"Male",4.28307061477692,2.6510029000871,1.30599109967577,"No",82.7,7.54736633845724,"Fair",1,"Bachelor","Good",9,"No",97.0244554511241
"793",21,"Female",1.88655899801709,2.27911394516443,3.37850168027923,"No",86.4,7.26538199659923,"Fair",1,"Bachelor","Poor",9,"Yes",74.3336242027526
"794",20,"Female",2.3616904683826,3.40266505797138,2.75881213582818,"No",84.5,9.00748867547774,"Fair",3,"Master","Good",3,"No",73.8111018507991
"795",17,"Female",2.51809631303771,1.18068261506954,1.45202308267541,"No",83.6,9.09543704589734,"Poor",5,"Bachelor","Average",7,"No",91.8523850821054
"796",23,"Male",4.16194255584271,3.8275032353984,1.97797599498865,"No",85.4,6.91736227045729,"Good",5,"None","Poor",6,"Yes",95.9633604829219
"797",21,"Male",1.0237942123088,2.50729572243234,2.01845828169964,"No",95.2,7.87511330591591,"Poor",3,"Bachelor","Average",4,"Yes",59.4980610337086
"798",23,"Male",5.40576423167061,2.03543665346111,2.38679423590264,"No",83.1,7.47435540813531,"Poor",2,"Master","Good",5,"Yes",100
"799",17,"Female",4.41650154808492,2.82510834138242,2.42735798675437,"No",79.3,8.35935851336662,"Good",1,"Bachelor","Average",10,"No",96.3341036354037
"800",19,"Female",2.80194101150358,1.59750548891834,2.82406423651598,"No",82.2,7.85729719550393,"Good",2,"Bachelor","Average",2,"Yes",84.7379192874128
"801",17,"Male",3.0767180925468,1.76195174174699,1.34972674866721,"No",90.8,8.34084879554795,"Good",4,"Bachelor","Poor",7,"Yes",94.442227807451
"802",22,"Female",3.08150533986216,1.46609859483336,3.49519444093352,"No",99.1,8.14761303987352,"Fair",1,"Master","Good",4,"No",84.2870998227492
"803",17,"Male",2.78292298700966,2.00640111560838,2.59524119636457,"No",78.7,10.3607863177497,"Fair",4,"None","Good",2,"No",93.0357336480087
"804",17,"Female",3.43812711720129,1.37099926052324,2.60246282826643,"No",86,7.10889057482057,"Good",0,"Bachelor","Good",6,"Yes",89.9548690303706
"805",22,"Female",3.27184308093337,3.42371231502076,1.67623435960085,"Yes",88.4,6.42133460738735,"Good",2,"High School","Average",2,"Yes",80.4059374237856
"806",20,"Female",3.02177504718848,2.34564628003286,2.26636123683287,"No",75.1,7.32664083400211,"Fair",3,"Bachelor","Average",10,"Yes",89.8573996900773
"807",24,"Female",2.36577195836013,2.54911180909763,2.23678249771048,"No",85.2,6.65851596061882,"Good",1,"Bachelor","Good",2,"Yes",66.2502923117543
"808",17,"Female",2.75034840085987,2.1223440262697,0.907236168397246,"No",70.3,6.17455834529661,"Poor",2,"High School","Average",7,"Yes",84.1166214942849
"809",22,"Male",2.88234645976279,1.38012652519397,3.57405958404234,"Yes",67.3,6.77272205714378,"Good",3,"High School","Good",1,"No",69.4277370104936
"810",21,"Female",4.28106149460362,1.97870961742204,2.89136295020076,"No",88.7,7.36567581486685,"Good",0,"Bachelor","Good",7,"Yes",95.8804680437434
"811",19,"Male",3.60632985742966,0.765936661145979,1.67525090830131,"No",81.2,7.29678419154913,"Good",1,"High School","Average",10,"No",92.0369111628081
"812",19,"Female",0.897712696033962,2.19650139329748,1.46369277542164,"Yes",87,7.63678872125496,"Good",4,"High School","Average",5,"No",76.4232891437067
"813",17,"Female",4.03405768364532,0.868115726803898,1.78030955043503,"No",84.8,7.32166559291274,"Good",0,"Bachelor","Good",1,"No",87.0715419757738
"814",20,"Female",3.29254953916063,3.78062450034246,1.92526217357484,"No",75.2,7.85359789448443,"Poor",5,"High School","Average",6,"No",84.2870998227492
"815",20,"Male",2.63960393717195,3.3651110491646,2.8388441636919,"No",84.5,8.17485014214289,"Fair",3,"High School","Average",7,"No",89.3661782772585
"816",21,"Female",2.20551851658382,2.44234179253755,2.38091155791913,"No",72.7,7.10960800895173,"Poor",1,"Master","Good",1,"No",69.0878188721321
"817",17,"Female",4.03788961526508,3.2227391097822,2.56591309765223,"No",98.9,7.36779258680086,"Fair",1,"High School","Average",9,"No",91.9908655309535
"818",19,"Female",3.72378398222766,1.48492752542193,3.25766016749375,"No",71.4,8.05586060196627,"Good",6,"High School","Good",7,"Yes",95.337109599112
"819",20,"Male",1.84929497635299,2.88399174311428,2.71690143775375,"No",83,6.31269153972973,"Fair",6,"Bachelor","Poor",1,"Yes",73.1282998247255
"820",17,"Male",3.44826193096726,2.99623563073097,1.15376722016237,"No",74.6,5.56265502260695,"Fair",0,"Bachelor","Good",3,"No",85.2938547795631
"821",23,"Male",2.06259283062806,2.46733318900866,3.04296684193211,"No",90.7,8.05558040378937,"Fair",1,"Master","Poor",5,"No",74.7757222494961
"822",20,"Male",1.67064463497259,3.138645254887,3.37637223559121,"No",81.7,7.84251132101885,"Good",3,"Master","Poor",4,"No",61.4360205871197
"823",22,"Female",2.10447284932574,2.94789831549921,4.82607298603414,"No",79.8,9.42910364708034,"Poor",0,"Bachelor","Good",2,"No",73.5848932488094
"824",23,"Male",4.03437234653316,2.13912214900372,0.965481344363836,"No",93.5,7.84359313731787,"Fair",4,"High School","Good",1,"No",94.139076757989
"825",24,"Other",3.60106185680036,1.24862870262633,2.39818987293782,"No",85.3,8.46379339831843,"Poor",0,"None","Average",4,"No",93.4810123321813
"826",20,"Male",4.18227021397484,1.32476651525425,0.324316214211958,"Yes",90.2,7.37996041866358,"Good",0,"High School","Average",7,"No",96.2520355415986
"827",19,"Male",3.61354683803613,1.88114677375798,2.31642521256288,"No",75.2,8.58170765770987,"Poor",4,"High School","Good",4,"No",95.1683102296928
"828",18,"Female",3.77700603631158,2.41084970442356,1.81261024402259,"No",71,8.5658860293654,"Good",5,"Bachelor","Average",9,"No",95.0412052659054
"829",23,"Female",2.12214850592986,1.60054049807893,3.86344809139651,"No",86.1,5.55707560532209,"Fair",6,"Bachelor","Good",8,"No",79.8989562072589
"830",24,"Female",3.38049128003472,3.93873439734175,1.55616303678648,"No",81.8,8.14926427652205,"Poor",3,"None","Good",8,"Yes",88.4145683531832
"831",21,"Female",3.95893453542604,3.5825336560316,0.651109261041056,"No",91.3,9.3614543622534,"Good",5,"Bachelor","Good",5,"No",93.3035410394184
"832",21,"Female",3.42221127535457,3.03089022092126,1.72282146067357,"No",84.2,7.86940123807163,"Poor",5,"High School","Average",1,"Yes",90.5822593461593
"833",19,"Male",4.2828930160248,2.57196019352509,1.1692432441757,"Yes",87.1,8.46343046561131,"Fair",5,"High School","Average",9,"Yes",99.4010225415456
"834",20,"Other",4.03905974348267,1.92107875700058,2.19684432178269,"No",68.8,7.07843169899311,"Poor",6,"Bachelor","Good",2,"No",91.0104795632093
"835",17,"Other",3.95918988365722,1.45611935598423,0.740412484197826,"Yes",100,7.07369849668463,"Fair",2,"High School","Poor",6,"Yes",92.2205248735013
"836",20,"Female",4.27922521242801,1.64377414202615,1.78490794968437,"No",83.4,7.81008990597352,"Fair",6,"High School","Average",10,"No",100
"837",19,"Male",3.36878388465858,2.45267548947177,0.708066328941331,"No",92,5.5980198645444,"Fair",5,"None","Poor",5,"Yes",80.2166296357513
"838",21,"Female",1.83082105903863,1.68751192553233,2.05682477091287,"No",76.6,6.67389472289905,"Poor",2,"High School","Poor",10,"No",82.6054102711204
"839",20,"Male",2.9881120810031,2.36243544924524,3.39729151867843,"No",88.1,6.71050645393587,"Fair",4,"Bachelor","Average",8,"Yes",81.2152994940779
"840",21,"Male",2.21294849018772,1.66448995634057,2.22757973360168,"No",72,8.68242680020609,"Good",6,"Master","Average",3,"No",83.3687025420764
"841",23,"Male",2.27160520949258,0.988616260803027,1.59271873572377,"Yes",89.5,8.03891080783328,"Good",3,"High School","Good",6,"Yes",91.7133863022345
"842",24,"Male",2.8621323576091,1.40256697641189,2.24376362474614,"Yes",81.4,7.89234135179213,"Fair",5,"High School","Average",6,"No",82.6054102711204
"843",17,"Female",1.95641204198489,1.99073759965925,2.24651268754793,"No",85.3,8.43739940860338,"Fair",1,"Bachelor","Average",10,"No",87.4899779220714
"844",23,"Female",2.78370638866253,3.80694786436817,2.4694588701139,"Yes",92,7.15041676737798,"Fair",4,"Master","Poor",3,"No",81.3995966332935
"845",21,"Female",0.937569942473083,3.06610935893668,0.997952680258517,"Yes",72.7,8.48893870700684,"Fair",2,"High School","Good",7,"Yes",72.1193237260201
"846",21,"Male",3.36230660786157,1.24094105629041,2.53751384439083,"No",78.2,7.61995052648326,"Poor",6,"High School","Average",4,"Yes",90.8207688194266
"847",18,"Male",3.11868186398369,2.651349265114,0.837931089868146,"No",89.6,7.67239508612529,"Fair",3,"Bachelor","Good",5,"Yes",89.5634472528704
"848",18,"Male",1.95379947667836,0.864318881538021,1.36293432953046,"No",100,7.9726517520674,"Fair",0,"Bachelor","Good",9,"No",88.5664532165787
"849",23,"Other",3.22439454717085,3.41229178051422,1.9367276968702,"No",83.6,8.29316383873154,"Fair",3,"High School","Poor",6,"No",89.1181092363386
"850",22,"Male",3.42777362429838,2.02946609973926,2.47790787602322,"No",90.9,7.94427369207596,"Fair",3,"Bachelor","Average",10,"No",99.5140691960677
"851",23,"Female",1.27691483206426,2.36251886040999,2.23312417809941,"No",83.9,8.5677882991117,"Good",5,"High School","Average",4,"Yes",73.6604493223464
"852",18,"Female",2.46095478742206,3.05792018750636,0.552983318291918,"No",100,6.93543547534968,"Poor",5,"Bachelor","Good",8,"No",85.3489933157997
"853",21,"Male",2.65525330139891,1.38117884070333,1.1173030884257,"No",67.5,6.318350841972,"Good",6,"Bachelor","Good",9,"No",88.057735708798
"854",19,"Female",1.4900204659135,0.964179452557492,2.45869179038253,"No",85.9,8.78679428243069,"Good",6,"Master","Good",10,"Yes",85.8959221609506
"855",23,"Female",3.48741070431098,2.02464400574977,2.28290603820844,"No",68.7,7.43554873152205,"Fair",2,"High School","Average",5,"No",86.75459156814
"856",21,"Female",3.38707767876993,2.82085792225475,1.46662051259715,"No",59.9,6.98480220349391,"Fair",6,"High School","Good",2,"No",78.5342326557153
"857",19,"Female",2.99335251671529,0.495083815434081,1.14992214116051,"Yes",88,8.98767540053998,"Fair",2,"High School","Poor",6,"Yes",92.4032351920503
"858",19,"Male",1.15954036721702,0.515131212167307,2.36945035613922,"Yes",86.4,7.13597257137018,"Poor",5,"Master","Poor",8,"Yes",70.3467800244337
"859",18,"Male",3.45118767665377,2.12010938294874,1.66487920383293,"Yes",82.2,7.59598491542982,"Fair",5,"High School","Good",5,"Yes",93.701665371926
"860",23,"Female",1.6905711487881,2.5941791630103,1.89466103057745,"No",83.9,8.91838256642533,"Good",1,"High School","Good",1,"No",62.8763705521771
"861",20,"Female",3.18076983515292,2.76106666482731,3.30549362065207,"No",100,9.17910862535797,"Poor",1,"High School","Poor",8,"Yes",84.3437524612469
"862",17,"Male",3.63757190630731,1.7849594073613,0.713907193642151,"No",82.4,8.76953265274242,"Fair",4,"Bachelor","Poor",9,"Yes",97.5041494923812
"863",18,"Female",4.01000617413537,1.9625068874955,1.30376163262135,"No",90.1,7.37080555842801,"Good",5,"High School","Poor",1,"No",97.5834995168732
"864",18,"Female",1.50559899069886,3.4894207372907,3.17218221839603,"No",78.5,8.09850913660055,"Good",0,"High School","Poor",8,"Yes",68.0489875720626
"865",20,"Female",0.495652985081325,0.496076852947133,1.60368711065174,"Yes",88,7.14953822244659,"Fair",1,"High School","Average",10,"Yes",76.6328990924937
"866",17,"Male",2.74672895441735,2.15522051186298,2.43844888732781,"No",82.6,6.7078120739538,"Good",2,"Master","Good",2,"No",84.5131936555862
"867",21,"Female",4.54369601550489,2.32135487437088,1.68733161499037,"No",80.9,5.72686357426487,"Fair",3,"Bachelor","Good",4,"Yes",95.2105820581992
"868",22,"Female",4.04653976552947,2.78067695115999,1.94961115550899,"No",100,8.8254118929737,"Poor",6,"Bachelor","Good",2,"No",97.8992148920717
"869",23,"Male",3.53912927825663,2.23558905136438,3.13910523147845,"No",96.8,6.2533792898381,"Fair",6,"Master","Good",2,"No",90.6778470368583
"870",22,"Male",2.56176476614723,2.6674334853917,2.94279132297852,"Yes",86.4,6.88275800501701,"Fair",4,"Master","Average",10,"No",89.1181092363386
"871",21,"Other",4.00769496352403,0,2.0974669501444,"Yes",62,7.17833171901424,"Good",1,"High School","Good",3,"No",85.4040501047325
"872",24,"Male",2.93814822808702,1.28641680025793,0.274768640578451,"Yes",81.4,8.20618842523277,"Poor",3,"Master","Good",8,"Yes",84.8497741832231
"873",18,"Female",3.66274144244979,2.74447376913,1.08003920485751,"No",100,7.17111701309368,"Fair",3,"None","Average",4,"No",90.9631426577137
"874",17,"Female",2.98067861764285,1.56393206174908,1.48523623322113,"No",82.7,6.56586130533824,"Fair",1,"High School","Good",7,"No",93.9210150783772
"875",18,"Male",4.34615598514212,2.60968812890163,1.26744190355655,"No",96,7.68291398905709,"Fair",0,"Master","Average",10,"No",98.7154191175805
"876",19,"Female",5.44666531463664,2.32867450269335,3.15900470766053,"No",99.4,6.66223433359865,"Poor",0,"High School","Good",3,"No",100
"877",18,"Male",3.21696984719208,2.31898507840536,2.74150342908532,"No",87.2,6.82765963022987,"Fair",4,"High School","Good",10,"No",93.1252175403018
"878",18,"Female",2.07861443698896,2.39222081866511,1.99894124551793,"No",76.6,6.3801734377506,"Good",0,"High School","Average",3,"No",62.977146183446
"879",21,"Male",2.94550473877305,1.50365827641604,1.86672590795656,"Yes",60.6,6.54134213252846,"Fair",4,"Bachelor","Good",2,"No",81.0300831633341
"880",21,"Female",1.62503835468279,1.66942634752522,1.30635301021068,"No",91.8,7.64077632986098,"Fair",2,"High School","Poor",6,"No",69.764571948668
"881",21,"Male",2.54348101769636,2.37246771631397,2.09416920872896,"No",76.9,6.26827379447882,"Fair",1,"Bachelor","Good",6,"No",67.4293055379505
"882",22,"Male",2.47296282683222,2.50530487880741,2.65678227351476,"Yes",86.8,6.69705526962257,"Fair",3,"Master","Average",1,"No",70.7571245016213
"883",19,"Other",2.11594535881297,1.84252034050168,1.24979429808142,"No",72.5,7.46561409590687,"Fair",4,"Bachelor","Poor",7,"No",85.7871788992561
"884",24,"Male",3.61098997682363,2.0458648240095,1.87002774927714,"No",82.3,7.08233320900172,"Good",6,"High School","Average",4,"No",89.5634472528704
"885",24,"Female",1.79193908769629,3.07591069499854,2.99606665473077,"No",85.3,9.23176218073365,"Good",0,"Master","Good",3,"No",66.7991071869742
"886",21,"Male",4.14398561920208,1.05892267523599,2.14149895329183,"No",87.7,8.24684533049095,"Fair",6,"High School","Poor",8,"No",100
"887",17,"Female",2.69686442431296,3.65259214079356,2.63592137316186,"No",73.9,7.06009698991782,"Fair",4,"High School","Good",2,"Yes",84.3437524612469
"888",22,"Male",2.95234017095824,1.59017733893248,3.82314171545141,"No",97,8.40330336895295,"Good",5,"None","Poor",9,"No",89.7596738512244
"889",20,"Other",2.66842297327842,2.5518919318375,1.76033467226695,"Yes",79,8.56549866299943,"Fair",4,"Bachelor","Good",8,"Yes",86.648337426029
"890",17,"Male",3.05161321861803,3.0173903803633,2.02722382347385,"Yes",68.3,7.67081288926893,"Fair",0,"High School","Good",8,"No",84.9055755420817
"891",23,"Male",4.15325667514729,1.56442499222198,1.40878667634853,"Yes",83.9,6.23478839236458,"Fair",5,"High School","Average",3,"No",93.7456390861619
"892",23,"Male",2.88685274588208,1.72156094096827,1.93142227813267,"Yes",85.3,7.20342236025352,"Good",5,"High School","Average",4,"Yes",84.3437524612469
"893",17,"Male",2.95184257432838,1.51846352608091,1.9437012051609,"No",86.6,7.45622313818128,"Fair",0,"High School","Good",2,"No",71.8032724793488
"894",21,"Female",2.36922740315668,1.55226283333465,2.18037232173398,"No",98.6,7.57687976128301,"Good",5,"Bachelor","Good",2,"No",85.5139194077534
"895",20,"Male",1.72426800368741,3.85497743456154,1.3660526488342,"Yes",82.6,7.97028248299566,"Good",1,"Bachelor","Good",4,"Yes",70.6754175438346
"896",20,"Female",2.27800354493975,1.72165488237705,2.11512500208912,"No",83.8,6.93982745287374,"Fair",3,"Bachelor","Average",6,"No",79.1252657784173
"897",22,"Male",2.01625060551889,1.93196560218928,3.67168050959037,"Yes",74,6.50671085986515,"Good",6,"High School","Average",5,"No",80.0263518633569
"898",20,"Male",3.63500822166269,2.5446287567206,2.77249318008561,"No",93.2,7.5068511380316,"Good",1,"High School","Good",1,"Yes",87.1765938063189
"899",23,"Female",2.94462415083635,1.64778907302428,2.88603454391844,"No",86.8,8.14036766082915,"Fair",1,"Master","Average",10,"No",89.6616901602552
"900",19,"Female",2.86294896222092,1.8132516898661,1.83626408593974,"No",80.8,7.03533079933588,"Poor",0,"None","Average",1,"No",78.2685013083815
"901",21,"Male",4.19838420059851,2.3198716776859,2.02924606613248,"No",66,8.36977100046015,"Poor",0,"Master","Average",6,"Yes",92.6756261248012
"902",20,"Male",3.17108213579772,1.67081049484762,1.74383429350491,"No",99.4,6.46595895863954,"Fair",6,"High School","Good",3,"Yes",87.4899779220714
"903",22,"Male",3.6458963773368,2.14949788561782,1.57899788873982,"No",72.7,7.09499303636733,"Fair",3,"Master","Good",3,"No",84.9612931779398
"904",23,"Female",2.78899215091724,2.326055557382,2.63072301361631,"No",79.1,7.1223770973615,"Fair",4,"High School","Average",7,"No",87.2290084901551
"905",19,"Female",3.2261256622296,1.10058276275426,1.51612054989372,"Yes",88.6,6.93390394614789,"Poor",1,"High School","Poor",1,"Yes",88.3129655611223
"906",18,"Male",2.41639875327032,2.46872372971368,1.42883069212512,"Yes",73,7.3276467210152,"Good",5,"Bachelor","Poor",1,"Yes",77.048602657263
"907",18,"Female",0.394639718830937,3.4774824074744,2.22698694039236,"Yes",70.1,9.2527650569271,"Fair",3,"Bachelor","Average",10,"No",69.0023509464129
"908",19,"Female",2.73877168652588,2.25356315584088,2.33039071104817,"No",63.8,7.12886659182755,"Fair",1,"High School","Average",3,"No",78.0679474600031
"909",23,"Female",4.51827350356221,1.89705853081797,1.20315773081731,"Yes",92.2,9.721084437845,"Fair",4,"Bachelor","Good",8,"No",100
"910",22,"Female",3.6575773346607,2.96360058245244,3.00140966507454,"No",79.5,8.14128637602574,"Fair",5,"Bachelor","Average",1,"No",87.6974410165825
"911",19,"Male",3.47633272994376,1.60567606718199,2.76651837283938,"No",100,7.67668949071813,"Fair",1,"None","Average",10,"No",95.7557814218515
"912",21,"Male",4.2452951432852,3.47091402528214,1.75386729021305,"No",75.1,7.90334818287173,"Fair",2,"None","Good",4,"No",93.4810123321813
"913",21,"Male",3.01171628345392,2.17346252009135,0.907155320704855,"No",75.8,9.68186355823183,"Poor",6,"High School","Average",9,"No",95.7141260082489
"914",18,"Male",2.89008622815677,4.01096463964947,2.25357010292425,"Yes",79.3,6.43272287699459,"Good",3,"High School","Good",4,"No",76.7719846383476
"915",20,"Female",2.33032065118659,2.45335514187575,1.97405285140137,"Yes",87.4,5.94521399784566,"Good",6,"Bachelor","Poor",10,"No",88.2620597308987
"916",22,"Female",2.14778839301731,3.63452218052979,2.25248959804037,"No",80.3,7.39285407300468,"Fair",0,"High School","Average",8,"No",81.6439119706499
"917",18,"Male",3.22268359585155,2.62497290765348,2.04948447534114,"No",91.1,7.80091764424033,"Good",1,"High School","Good",7,"No",86.2740353640192
"918",20,"Male",4.50316956052887,2.64750172192713,1.2869517720098,"No",75.2,5.62593239393133,"Good",5,"High School","Good",3,"No",90.3903426537325
"919",20,"Male",3.68291981811871,1.59924687295941,0.968283681636749,"Yes",71.2,7.74355167262494,"Poor",5,"Bachelor","Average",7,"No",87.7491261986668
"920",24,"Female",2.51228433933274,2.34659962611464,1.93436259642225,"No",67,8.91038885855703,"Good",3,"High School","Good",7,"Yes",89.1678557907743
"921",21,"Male",3.14862995610676,2.86493984326012,1.93213028350738,"Yes",62.8,8.36355188979276,"Good",3,"None","Good",10,"No",89.0682959527689
"922",23,"Female",3.17522230988458,2.33507270297706,1.91566217370975,"No",79.8,7.38466685651688,"Fair",6,"None","Average",3,"No",94.139076757989
"923",17,"Male",1.75935904856101,0.549950996550028,2.88438790919169,"No",82,6.98155940894995,"Poor",5,"Master","Average",2,"Yes",69.764571948668
"924",23,"Male",1.10535036729453,1.12103563015734,0.442419912409589,"No",78.7,8.63004697967958,"Poor",5,"High School","Good",9,"No",76.7025069804146
"925",17,"Other",2.68581220635291,2.26726437631048,2.80524189118581,"Yes",97.4,7.00717646755721,"Poor",5,"Bachelor","Average",1,"Yes",79.3849577271523
"926",19,"Other",1.63774284714626,2.84372038035511,2.50037879328501,"Yes",97.3,8.71997100080186,"Good",1,"None","Good",7,"No",76.8413325526795
"927",21,"Male",2.56850050950716,1.98945558078605,2.28313481930425,"No",81.7,9.63284687029064,"Fair",5,"High School","Good",4,"Yes",80.2798395188132
"928",20,"Female",3.08095977512507,3.12629026705299,1.86080461608022,"No",67.1,7.73956661201792,"Good",0,"Bachelor","Good",2,"No",69.0878188721321
"929",22,"Female",3.036618249166,0.59109131432027,1.98290682112312,"No",79.3,8.0598355644238,"Good",5,"High School","Average",2,"No",84.3437524612469
"930",17,"Female",4.4256480469891,2.71050973120031,1.92939501230589,"No",79,8.22869224427244,"Good",0,"Master","Average",8,"Yes",96.0047374201641
"931",23,"Male",2.95923515454479,0.343745476514483,1.38862595709017,"No",78.4,9.28286384577157,"Good",1,"Master","Good",7,"No",95.8804680437434
"932",20,"Female",3.66760101670155,2.5618528510968,2.97571447902391,"Yes",78,6.76499934841332,"Poor",3,"Bachelor","Average",7,"Yes",86.1124580358769
"933",17,"Female",3.5849010368352,1.83795473663545,1.55284169079048,"No",78.5,7.65983705328006,"Fair",0,"Bachelor","Average",5,"No",90.1974289870024
"934",17,"Female",1.66091630389473,2.60950176855443,2.37435798054208,"No",81.1,6.54691384749979,"Good",1,"High School","Average",10,"No",72.3546093958839
"935",24,"Male",4.24059121146354,1.24683721986998,2.28568273727989,"No",78.6,8.75292682864392,"Poor",5,"High School","Poor",8,"Yes",95.7973901627121
"936",17,"Male",3.27694797400927,3.03954713424798,1.1374626699294,"Yes",87.1,8.19185391781124,"Poor",1,"Master","Good",2,"No",82.247759378273
"937",22,"Male",3.34509242133897,2.99495585140777,2.62047108892856,"No",88.6,6.7259680645358,"Good",5,"Bachelor","Average",2,"Yes",84.6257264608904
"938",21,"Female",2.04510175932383,2.44608317409897,1.62895389925221,"No",75.9,7.38417546574085,"Good",6,"Bachelor","Good",5,"No",67.5184671590128
"939",22,"Male",1.40516222741206,2.19320561720776,2.33368413923771,"No",97.7,6.17559917864693,"Fair",1,"High School","Poor",1,"No",52.7274046511753
"940",18,"Female",3.67154625762584,3.05033866674539,2.2468432858858,"No",75.2,6.7646049351271,"Good",3,"None","Good",6,"No",87.2813492984435
"941",20,"Other",3.47343218600851,1.66717573407332,1.01549168822948,"Yes",68.8,8.17719698133671,"Good",0,"Master","Average",4,"No",85.4040501047325
"942",21,"Male",1.93886497729063,2.87311912478271,1.41684656848771,"No",88.8,7.27646584907395,"Fair",6,"High School","Good",6,"No",83.0769822883439
"943",24,"Female",2.26606708599589,3.38424150361541,3.01899467367365,"No",76.8,7.22825467454631,"Poor",3,"High School","Good",7,"No",74.4076736736153
"944",21,"Male",4.42606152467632,2.82848918531917,2.37582288032169,"No",88.2,6.6731124417511,"Good",2,"High School","Poor",3,"No",87.8007395458674
"945",21,"Female",2.11672481196184,2.07097087880886,2.54582647428417,"No",61,6.90861629612501,"Fair",5,"Bachelor","Good",8,"Yes",85.6234646120647
"946",23,"Male",4.310416580823,3.0970890211257,2.34013361964494,"Yes",98.9,7.51193737569095,"Poor",0,"None","Average",7,"No",100
"947",21,"Female",2.65925943786501,0.61261011551846,1.73501010973877,"No",91.7,6.78006140868353,"Fair",3,"Bachelor","Good",1,"Yes",77.7988463017839
"948",24,"Female",3.09813682501624,3.29964122186795,3.66533015302964,"Yes",70,7.22260553097201,"Good",0,"High School","Good",6,"Yes",80.9681385329028
"949",22,"Female",2.32420045636337,2.5957764558473,1.96953818127295,"No",70.2,7.9415075254532,"Fair",2,"Master","Good",7,"No",82.9596494977394
"950",21,"Female",3.31856748019948,0.691653176887194,2.25432160368891,"No",100,7.50699199795968,"Fair",4,"Bachelor","Good",4,"No",93.7456390861619
"951",19,"Female",2.75145866287633,0.996064923505026,2.55057035593046,"No",77.6,6.8055789536206,"Fair",5,"High School","Average",2,"No",74.8488962580644
"952",20,"Female",2.8105268434533,1.87405716144875,1.17456250858502,"No",76.7,9.63419489851914,"Good",5,"Bachelor","Poor",10,"No",97.7022075476289
"953",21,"Female",3.05690236429316,1.8888305841371,3.59502156723511,"Yes",62.3,7.03124612706982,"Poor",1,"High School","Average",9,"No",84.3437524612469
"954",20,"Female",2.35591982043242,1.06596369230651,0.885179794459209,"No",81.5,7.20964644758978,"Fair",5,"High School","Average",7,"No",82.0676338965891
"955",19,"Male",3.79722289975527,2.10218445369083,3.11794442264529,"No",82.7,8.79888737647334,"Good",5,"Master","Good",1,"Yes",84.5695026843172
"956",19,"Female",1.81934042031568,2.7303069530045,1.94163562549348,"Yes",92.2,10.5798887152711,"Poor",3,"High School","Average",8,"No",94.785682716488
"957",20,"Female",2.36552825911461,2.86656647883535,2.37686194258066,"No",71,6.47019317381523,"Good",6,"High School","Good",3,"No",80.7816822550034
"958",17,"Female",1.67503574375551,2.21661715878732,1.21593138395673,"No",69.8,7.64908128160511,"Good",5,"High School","Average",4,"No",73.5848932488094
"959",18,"Male",0.439153680100134,3.22541156961822,1.81658657148941,"Yes",89.5,7.08167319497075,"Good",5,"High School","Average",5,"No",56.6267862538622
"960",23,"Female",3.18554501033944,3.79984340100756,0.989971292501724,"No",95.1,7.07394069483802,"Fair",2,"Master","Good",1,"No",70.9200010668142
"961",17,"Male",5.84030261487759,1.96061005603011,1.53163416884509,"Yes",69.3,6.61839999794608,"Good",6,"High School","Average",6,"No",100
"962",17,"Female",3.53456075156537,1.92691016528307,2.00650964165674,"No",95.8,6.99567460846341,"Good",2,"Master","Good",10,"No",92.2205248735013
"963",22,"Male",3.03134751804669,2.39245628881948,2.90939039383445,"Yes",85.4,7.68695501714657,"Good",0,"Master","Average",6,"No",77.8663046261157
"964",23,"Female",3.30959046213638,1.93826041078491,1.82084652092225,"No",95.9,6.16352073957894,"Poor",0,"High School","Good",2,"No",76.6328990924937
"965",23,"Other",3.18040323680695,1.74778769752539,1.65518790027033,"No",84.3,8.72111992697176,"Good",5,"High School","Poor",10,"Yes",95.7141260082489
"966",17,"Male",3.16942750877841,2.99655247636784,1.37549544908992,"No",59.8,7.86758465450398,"Fair",5,"Master","Average",6,"Yes",90.4384148900027
"967",21,"Other",2.12623454505482,0.667858066880696,1.10069095242178,"No",83.5,7.65903082217309,"Poor",1,"High School","Good",8,"Yes",78.732290710963
"968",22,"Male",3.79370128418212,2.84943461082934,3.50957719420538,"No",95.6,7.841303574671,"Fair",0,"None","Good",6,"No",89.8573996900773
"969",22,"Female",3.71366674680353,1.8719919415753,1.12809223178716,"No",76.1,8.00792229050501,"Good",3,"High School","Average",4,"No",89.1181092363386
"970",19,"Female",3.26825617046977,1.82197153259893,3.5487828242683,"Yes",81.1,8.00995872385676,"Fair",5,"Bachelor","Average",4,"No",93.0805025471414
"971",24,"Female",3.13029721693049,2.48716152301398,2.15912041482313,"No",83.2,6.5466665176193,"Fair",3,"Bachelor","Average",9,"Yes",94.355865449149
"972",23,"Female",3.49079135743166,2.01331574500442,1.9548072591929,"No",56,7.4203887034599,"Good",5,"High School","Average",6,"No",83.715768594742
"973",17,"Female",3.42543292947424,1.45912245385193,3.3399267473721,"No",100,6.55152474391389,"Fair",3,"High School","Good",8,"No",96.8631705186326
"974",19,"Male",3.95889514407059,3.40856068495245,2.68030366006492,"No",76,6.69892436103171,"Good",4,"Master","Good",8,"No",89.1181092363386
"975",20,"Male",2.57345925857385,2.00144677395478,1.9444263416927,"No",90.1,6.32504589635778,"Fair",3,"Bachelor","Poor",7,"No",87.2290084901551
"976",18,"Female",2.41692422163434,2.64767630711742,1.50507126981254,"No",84.1,8.77816101622529,"Fair",6,"Bachelor","Average",3,"No",84.9612931779398
"977",24,"Female",3.21207723055611,3.37772503440841,2.000803386421,"No",97.6,7.09182471623664,"Good",0,"Bachelor","Good",10,"Yes",90.4864249772753
"978",24,"Female",4.24674904425955,1.78350930558375,2.85709416037692,"Yes",89.1,8.0658323828156,"Good",5,"High School","Average",1,"Yes",99.626772764616
"979",24,"Female",1.36976946183826,2.62378309935381,2.7262809524598,"No",82.7,9.22252231650324,"Fair",0,"Bachelor","Good",5,"Yes",69.0878188721321
"980",22,"Male",1.51471191103517,1.99306708923277,2.03315852443663,"No",76.1,6.83925286412363,"Good",6,"High School","Poor",10,"No",76.7025069804146
"981",20,"Female",3.4496615112049,2.19564704034401,2.28024604891771,"No",93,6.86838244534226,"Poor",6,"High School","Good",10,"Yes",92.1747064872658
"982",24,"Male",2.69423402330075,0.627755253674908,3.01103951303922,"No",66.3,10.2951390312316,"Fair",3,"Bachelor","Average",2,"No",84.6818652430599
"983",20,"Female",3.55954281534539,1.94742293733393,2.18264891477505,"Yes",91.5,8.94219959928341,"Fair",2,"High School","Good",10,"No",95.2528058232176
"984",21,"Male",3.61184182560498,2.08252290778669,2.37095971820481,"No",74,7.00696680981827,"Poor",2,"Master","Average",2,"No",83.6581490372817
"985",24,"Male",2.31365634442353,2.64962107533486,1.27197563173831,"No",97.5,7.87410959709159,"Fair",6,"High School","Average",7,"No",92.8110759916821
"986",18,"Male",5.02115655706436,2.32693680976048,0.672918215330939,"Yes",86.6,6.83718605937094,"Fair",2,"Master","Good",3,"Yes",92.1288315001682
"987",20,"Male",1.88781544983131,1.734510485087,2.37376779271939,"No",91.4,7.55950615276555,"Poor",5,"Master","Poor",8,"No",80.7816822550034
"988",20,"Female",2.47954606134925,1.35142291951859,1.9307581303298,"Yes",85.8,7.04108162586868,"Fair",1,"High School","Average",9,"No",78.6003694449379
"989",18,"Male",2.86846673439655,1.90417718783862,1.32296326872035,"No",67.5,6.56978341780379,"Fair",4,"Bachelor","Average",8,"Yes",88.057735708798
"990",24,"Male",1.393148654695,1.63603284125127,2.62734317935272,"Yes",76.4,6.09695210771375,"Fair",3,"High School","Average",6,"No",72.4327078417726
"991",18,"Male",1.95849285370935,3.37619385254766,2.44900013009125,"No",91.7,8.00298307710077,"Good",1,"Master","Good",5,"No",83.19394552624
"992",20,"Male",4.63978996970292,1.75906996555572,2.79507837675652,"No",86.7,6.70601773493691,"Good",2,"High School","Good",3,"No",94.0955667385618
"993",18,"Male",2.81008355158356,0.861802893829372,2.41644963288524,"No",96.8,7.46191544949956,"Fair",3,"Bachelor","Poor",3,"No",87.6974410165825
"994",20,"Male",3.18929400287253,1.25960667887448,1.30894384823017,"No",89,7.3850571987739,"Good",1,"High School","Good",7,"No",87.2290084901551
"995",20,"Female",1.75706993538868,1.62396099778547,3.43748662909707,"No",75.3,6.28386809302487,"Good",0,"High School","Average",5,"No",67.5184671590128
"996",21,"Female",2.21045034598291,0.823695140165807,2.06434058004534,"No",77,8.36999038265082,"Fair",2,"High School","Good",6,"Yes",89.8573996900773
"997",17,"Female",2.51064608172232,1.3089864958881,2.50523987204815,"Yes",86,7.97635722598739,"Poor",1,"High School","Average",6,"Yes",84.5131936555862
"998",20,"Male",3.14301277081332,2.21784133029736,1.48707064235682,"No",61.9,7.35889719882487,"Good",5,"Bachelor","Good",9,"Yes",83.6581490372817
"999",24,"Male",4.41413413844382,3.42460494941388,1.76015111414906,"Yes",100,8.06419546673348,"Fair",0,"Bachelor","Average",1,"No",86.5950961304104
"1000",19,"Female",3.08176306657545,2.07886983606961,1.97415514144836,"No",89.4,9.09804237985386,"Good",2,"Bachelor","Average",8,"No",89.2671494256868
